Time,Driven Amplitude,Driver Amplitude,Index,Driven Peak Time,Driven Peak Amplitude,Index,Driven Valley Time,Driven Valley Amplitude,Index,Driving Peak Time,Driving Peak Amplitude,Index,Driving Valley Time,Driving Valley Amplitude
0.010,-7.286,-0.944,50.0,0.510,9.719,117.0,1.180,-9.174,,,,,,
0.020,-6.950,-0.943,183.0,1.840,8.799,250.0,2.510,-8.269,,,,,,
0.030,-6.600,-0.943,316.0,3.170,7.867,383.0,3.840,-7.317,,,,,,
0.040,-6.234,-0.943,449.0,4.500,6.922,516.0,5.170,-6.381,,,,,,
0.050,-5.852,-0.942,582.0,5.830,6.008,648.0,6.490,-5.499,,,,,,
0.060,-5.461,-0.942,715.0,7.160,5.043,781.0,7.820,-4.634,,,,,,
0.070,-5.058,-0.941,846.0,8.470,4.206,913.0,9.140,-3.777,,,,,,
0.080,-4.645,-0.941,979.0,9.800,3.346,1044.0,10.450,-2.944,,,,,,
0.090,-4.216,-0.941,1110.0,11.110,2.482,1177.0,11.780,-2.096,,,,,,
0.100,-3.773,-0.942,1243.0,12.440,1.699,1307.0,13.080,-1.235,,,,,,
0.110,-3.328,-0.942,1375.0,13.760,0.832,1439.0,14.400,-0.493,,,,,,
0.120,-2.873,-0.941,,,,,,,,,,,,
0.130,-2.416,-0.941,,,,,,,,,,,,
0.140,-1.953,-0.941,,,,,,,,,,,,
0.150,-1.484,-0.942,,,,,,,,,,,,
0.160,-1.013,-0.942,,,,,,,,,,,,
0.170,-0.543,-0.941,,,,,,,,,,,,
0.180,-0.072,-0.941,,,,,,,,,,,,
0.190,0.394,-0.941,,,,,,,,,,,,
0.200,0.866,-0.942,,,,,,,,,,,,
0.210,1.333,-0.941,,,,,,,,,,,,
0.220,1.795,-0.940,,,,,,,,,,,,
0.230,2.247,-0.940,,,,,,,,,,,,
0.240,2.696,-0.941,,,,,,,,,,,,
0.250,3.137,-0.941,,,,,,,,,,,,
0.260,3.571,-0.941,,,,,,,,,,,,
0.270,3.995,-0.940,,,,,,,,,,,,
0.280,4.416,-0.940,,,,,,,,,,,,
0.290,4.815,-0.940,,,,,,,,,,,,
0.300,5.207,-0.940,,,,,,,,,,,,
0.310,5.588,-0.940,,,,,,,,,,,,
0.320,5.960,-0.940,,,,,,,,,,,,
0.330,6.319,-0.940,,,,,,,,,,,,
0.340,6.663,-0.940,,,,,,,,,,,,
0.350,6.994,-0.940,,,,,,,,,,,,
0.360,7.301,-0.941,,,,,,,,,,,,
0.370,7.592,-0.940,,,,,,,,,,,,
0.380,7.874,-0.940,,,,,,,,,,,,
0.390,8.138,-0.941,,,,,,,,,,,,
0.400,8.379,-0.942,,,,,,,,,,,,
0.410,8.599,-0.942,,,,,,,,,,,,
0.420,8.796,-0.942,,,,,,,,,,,,
0.430,8.977,-0.942,,,,,,,,,,,,
0.440,9.139,-0.942,,,,,,,,,,,,
0.450,9.287,-0.942,,,,,,,,,,,,
0.460,9.410,-0.942,,,,,,,,,,,,
0.470,9.512,-0.941,,,,,,,,,,,,
0.480,9.593,-0.941,,,,,,,,,,,,
0.490,9.655,-0.941,,,,,,,,,,,,
0.500,9.697,-0.941,,,,,,,,,,,,
0.510,9.719,-0.941,,,,,,,,,,,,
0.520,9.714,-0.940,,,,,,,,,,,,
0.530,9.688,-0.940,,,,,,,,,,,,
0.540,9.643,-0.941,,,,,,,,,,,,
0.550,9.578,-0.941,,,,,,,,,,,,
0.560,9.495,-0.942,,,,,,,,,,,,
0.570,9.389,-0.942,,,,,,,,,,,,
0.580,9.265,-0.942,,,,,,,,,,,,
0.590,9.118,-0.943,,,,,,,,,,,,
0.600,8.957,-0.944,,,,,,,,,,,,
0.610,8.777,-0.944,,,,,,,,,,,,
0.620,8.579,-0.943,,,,,,,,,,,,
0.630,8.361,-0.944,,,,,,,,,,,,
0.640,8.123,-0.943,,,,,,,,,,,,
0.650,7.861,-0.943,,,,,,,,,,,,
0.660,7.583,-0.943,,,,,,,,,,,,
0.670,7.294,-0.942,,,,,,,,,,,,
0.680,6.989,-0.941,,,,,,,,,,,,
0.690,6.666,-0.942,,,,,,,,,,,,
0.700,6.329,-0.942,,,,,,,,,,,,
0.710,5.977,-0.942,,,,,,,,,,,,
0.720,5.611,-0.941,,,,,,,,,,,,
0.730,5.236,-0.941,,,,,,,,,,,,
0.740,4.853,-0.941,,,,,,,,,,,,
0.750,4.467,-0.941,,,,,,,,,,,,
0.760,4.060,-0.941,,,,,,,,,,,,
0.770,3.648,-0.941,,,,,,,,,,,,
0.780,3.222,-0.941,,,,,,,,,,,,
0.790,2.796,-0.941,,,,,,,,,,,,
0.800,2.367,-0.941,,,,,,,,,,,,
0.810,1.932,-0.941,,,,,,,,,,,,
0.820,1.489,-0.941,,,,,,,,,,,,
0.830,1.042,-0.941,,,,,,,,,,,,
0.840,0.591,-0.941,,,,,,,,,,,,
0.850,0.145,-0.941,,,,,,,,,,,,
0.860,-0.304,-0.941,,,,,,,,,,,,
0.870,-0.750,-0.941,,,,,,,,,,,,
0.880,-1.197,-0.941,,,,,,,,,,,,
0.890,-1.641,-0.941,,,,,,,,,,,,
0.900,-2.083,-0.941,,,,,,,,,,,,
0.910,-2.514,-0.941,,,,,,,,,,,,
0.920,-2.944,-0.940,,,,,,,,,,,,
0.930,-3.368,-0.940,,,,,,,,,,,,
0.940,-3.782,-0.941,,,,,,,,,,,,
0.950,-4.188,-0.941,,,,,,,,,,,,
0.960,-4.582,-0.941,,,,,,,,,,,,
0.970,-4.961,-0.940,,,,,,,,,,,,
0.980,-5.331,-0.941,,,,,,,,,,,,
0.990,-5.684,-0.941,,,,,,,,,,,,
1.000,-6.027,-0.941,,,,,,,,,,,,
1.010,-6.355,-0.941,,,,,,,,,,,,
1.020,-6.667,-0.941,,,,,,,,,,,,
1.030,-6.964,-0.941,,,,,,,,,,,,
1.040,-7.246,-0.942,,,,,,,,,,,,
1.050,-7.508,-0.942,,,,,,,,,,,,
1.060,-7.760,-0.942,,,,,,,,,,,,
1.070,-7.994,-0.941,,,,,,,,,,,,
1.080,-8.201,-0.941,,,,,,,,,,,,
1.090,-8.388,-0.942,,,,,,,,,,,,
1.100,-8.556,-0.942,,,,,,,,,,,,
1.110,-8.707,-0.941,,,,,,,,,,,,
1.120,-8.838,-0.941,,,,,,,,,,,,
1.130,-8.942,-0.941,,,,,,,,,,,,
1.140,-9.026,-0.941,,,,,,,,,,,,
1.150,-9.089,-0.941,,,,,,,,,,,,
1.160,-9.133,-0.941,,,,,,,,,,,,
1.170,-9.166,-0.940,,,,,,,,,,,,
1.180,-9.174,-0.940,,,,,,,,,,,,
1.190,-9.156,-0.940,,,,,,,,,,,,
1.200,-9.121,-0.941,,,,,,,,,,,,
1.210,-9.072,-0.941,,,,,,,,,,,,
1.220,-9.004,-0.940,,,,,,,,,,,,
1.230,-8.915,-0.941,,,,,,,,,,,,
1.240,-8.806,-0.941,,,,,,,,,,,,
1.250,-8.672,-0.941,,,,,,,,,,,,
1.260,-8.523,-0.941,,,,,,,,,,,,
1.270,-8.355,-0.941,,,,,,,,,,,,
1.280,-8.170,-0.940,,,,,,,,,,,,
1.290,-7.962,-0.941,,,,,,,,,,,,
1.300,-7.732,-0.941,,,,,,,,,,,,
1.310,-7.486,-0.941,,,,,,,,,,,,
1.320,-7.231,-0.940,,,,,,,,,,,,
1.330,-6.956,-0.940,,,,,,,,,,,,
1.340,-6.667,-0.941,,,,,,,,,,,,
1.350,-6.362,-0.941,,,,,,,,,,,,
1.360,-6.044,-0.941,,,,,,,,,,,,
1.370,-5.713,-0.941,,,,,,,,,,,,
1.380,-5.372,-0.941,,,,,,,,,,,,
1.390,-5.015,-0.941,,,,,,,,,,,,
1.400,-4.650,-0.941,,,,,,,,,,,,
1.410,-4.270,-0.941,,,,,,,,,,,,
1.420,-3.882,-0.940,,,,,,,,,,,,
1.430,-3.482,-0.940,,,,,,,,,,,,
1.440,-3.077,-0.941,,,,,,,,,,,,
1.450,-2.665,-0.941,,,,,,,,,,,,
1.460,-2.253,-0.941,,,,,,,,,,,,
1.470,-1.835,-0.940,,,,,,,,,,,,
1.480,-1.412,-0.940,,,,,,,,,,,,
1.490,-0.982,-0.941,,,,,,,,,,,,
1.500,-0.554,-0.941,,,,,,,,,,,,
1.510,-0.129,-0.941,,,,,,,,,,,,
1.520,0.292,-0.940,,,,,,,,,,,,
1.530,0.718,-0.940,,,,,,,,,,,,
1.540,1.144,-0.940,,,,,,,,,,,,
1.550,1.568,-0.941,,,,,,,,,,,,
1.560,1.983,-0.941,,,,,,,,,,,,
1.570,2.386,-0.940,,,,,,,,,,,,
1.580,2.783,-0.940,,,,,,,,,,,,
1.590,3.178,-0.941,,,,,,,,,,,,
1.600,3.564,-0.941,,,,,,,,,,,,
1.610,3.943,-0.941,,,,,,,,,,,,
1.620,4.307,-0.940,,,,,,,,,,,,
1.630,4.664,-0.941,,,,,,,,,,,,
1.640,5.007,-0.941,,,,,,,,,,,,
1.650,5.341,-0.941,,,,,,,,,,,,
1.660,5.667,-0.941,,,,,,,,,,,,
1.670,5.978,-0.941,,,,,,,,,,,,
1.680,6.277,-0.941,,,,,,,,,,,,
1.690,6.565,-0.941,,,,,,,,,,,,
1.700,6.835,-0.942,,,,,,,,,,,,
1.710,7.091,-0.941,,,,,,,,,,,,
1.720,7.326,-0.941,,,,,,,,,,,,
1.730,7.549,-0.941,,,,,,,,,,,,
1.740,7.751,-0.941,,,,,,,,,,,,
1.750,7.934,-0.941,,,,,,,,,,,,
1.760,8.105,-0.941,,,,,,,,,,,,
1.770,8.255,-0.941,,,,,,,,,,,,
1.780,8.382,-0.940,,,,,,,,,,,,
1.790,8.496,-0.941,,,,,,,,,,,,
1.800,8.596,-0.941,,,,,,,,,,,,
1.810,8.675,-0.941,,,,,,,,,,,,
1.820,8.734,-0.940,,,,,,,,,,,,
1.830,8.773,-0.940,,,,,,,,,,,,
1.840,8.799,-0.941,,,,,,,,,,,,
1.850,8.799,-0.941,,,,,,,,,,,,
1.860,8.773,-0.941,,,,,,,,,,,,
1.870,8.734,-0.941,,,,,,,,,,,,
1.880,8.674,-0.941,,,,,,,,,,,,
1.890,8.596,-0.941,,,,,,,,,,,,
1.900,8.498,-0.941,,,,,,,,,,,,
1.910,8.384,-0.942,,,,,,,,,,,,
1.920,8.257,-0.941,,,,,,,,,,,,
1.930,8.109,-0.941,,,,,,,,,,,,
1.940,7.942,-0.942,,,,,,,,,,,,
1.950,7.764,-0.942,,,,,,,,,,,,
1.960,7.568,-0.941,,,,,,,,,,,,
1.970,7.348,-0.941,,,,,,,,,,,,
1.980,7.118,-0.941,,,,,,,,,,,,
1.990,6.870,-0.941,,,,,,,,,,,,
2.000,6.609,-0.941,,,,,,,,,,,,
2.010,6.329,-0.941,,,,,,,,,,,,
2.020,6.043,-0.941,,,,,,,,,,,,
2.030,5.742,-0.941,,,,,,,,,,,,
2.040,5.425,-0.941,,,,,,,,,,,,
2.050,5.104,-0.941,,,,,,,,,,,,
2.060,4.772,-0.941,,,,,,,,,,,,
2.070,4.425,-0.940,,,,,,,,,,,,
2.080,4.075,-0.941,,,,,,,,,,,,
2.090,3.713,-0.941,,,,,,,,,,,,
2.100,3.347,-0.941,,,,,,,,,,,,
2.110,2.948,-0.942,,,,,,,,,,,,
2.120,2.562,-0.941,,,,,,,,,,,,
2.130,2.180,-0.941,,,,,,,,,,,,
2.140,1.784,-0.941,,,,,,,,,,,,
2.150,1.386,-0.942,,,,,,,,,,,,
2.160,0.981,-0.942,,,,,,,,,,,,
2.170,0.572,-0.941,,,,,,,,,,,,
2.180,0.165,-0.941,,,,,,,,,,,,
2.190,-0.235,-0.942,,,,,,,,,,,,
2.200,-0.624,-0.942,,,,,,,,,,,,
2.210,-1.026,-0.942,,,,,,,,,,,,
2.220,-1.430,-0.941,,,,,,,,,,,,
2.230,-1.827,-0.941,,,,,,,,,,,,
2.240,-2.218,-0.941,,,,,,,,,,,,
2.250,-2.602,-0.941,,,,,,,,,,,,
2.260,-2.982,-0.941,,,,,,,,,,,,
2.270,-3.355,-0.940,,,,,,,,,,,,
2.280,-3.727,-0.940,,,,,,,,,,,,
2.290,-4.082,-0.941,,,,,,,,,,,,
2.300,-4.427,-0.941,,,,,,,,,,,,
2.310,-4.762,-0.941,,,,,,,,,,,,
2.320,-5.087,-0.940,,,,,,,,,,,,
2.330,-5.393,-0.940,,,,,,,,,,,,
2.340,-5.689,-0.941,,,,,,,,,,,,
2.350,-5.970,-0.941,,,,,,,,,,,,
2.360,-6.238,-0.941,,,,,,,,,,,,
2.370,-6.491,-0.941,,,,,,,,,,,,
2.380,-6.728,-0.941,,,,,,,,,,,,
2.390,-6.952,-0.941,,,,,,,,,,,,
2.400,-7.155,-0.941,,,,,,,,,,,,
2.410,-7.345,-0.941,,,,,,,,,,,,
2.420,-7.525,-0.941,,,,,,,,,,,,
2.430,-7.684,-0.941,,,,,,,,,,,,
2.440,-7.825,-0.941,,,,,,,,,,,,
2.450,-7.945,-0.941,,,,,,,,,,,,
2.460,-8.046,-0.941,,,,,,,,,,,,
2.470,-8.131,-0.941,,,,,,,,,,,,
2.480,-8.192,-0.941,,,,,,,,,,,,
2.490,-8.237,-0.941,,,,,,,,,,,,
2.500,-8.263,-0.942,,,,,,,,,,,,
2.510,-8.269,-0.941,,,,,,,,,,,,
2.520,-8.256,-0.941,,,,,,,,,,,,
2.530,-8.218,-0.941,,,,,,,,,,,,
2.540,-8.166,-0.941,,,,,,,,,,,,
2.550,-8.098,-0.942,,,,,,,,,,,,
2.560,-8.010,-0.941,,,,,,,,,,,,
2.570,-7.904,-0.941,,,,,,,,,,,,
2.580,-7.781,-0.941,,,,,,,,,,,,
2.590,-7.638,-0.941,,,,,,,,,,,,
2.600,-7.478,-0.941,,,,,,,,,,,,
2.610,-7.303,-0.941,,,,,,,,,,,,
2.620,-7.121,-0.940,,,,,,,,,,,,
2.630,-6.919,-0.940,,,,,,,,,,,,
2.640,-6.700,-0.940,,,,,,,,,,,,
2.650,-6.468,-0.941,,,,,,,,,,,,
2.660,-6.226,-0.941,,,,,,,,,,,,
2.670,-5.967,-0.940,,,,,,,,,,,,
2.680,-5.696,-0.941,,,,,,,,,,,,
2.690,-5.407,-0.941,,,,,,,,,,,,
2.700,-5.112,-0.941,,,,,,,,,,,,
2.710,-4.802,-0.941,,,,,,,,,,,,
2.720,-4.482,-0.941,,,,,,,,,,,,
2.730,-4.149,-0.941,,,,,,,,,,,,
2.740,-3.809,-0.941,,,,,,,,,,,,
2.750,-3.453,-0.942,,,,,,,,,,,,
2.760,-3.096,-0.942,,,,,,,,,,,,
2.770,-2.733,-0.941,,,,,,,,,,,,
2.780,-2.366,-0.941,,,,,,,,,,,,
2.790,-1.994,-0.942,,,,,,,,,,,,
2.800,-1.618,-0.942,,,,,,,,,,,,
2.810,-1.236,-0.942,,,,,,,,,,,,
2.820,-0.854,-0.941,,,,,,,,,,,,
2.830,-0.472,-0.941,,,,,,,,,,,,
2.840,-0.082,-0.941,,,,,,,,,,,,
2.850,0.299,-0.941,,,,,,,,,,,,
2.860,0.676,-0.942,,,,,,,,,,,,
2.870,1.054,-0.941,,,,,,,,,,,,
2.880,1.434,-0.941,,,,,,,,,,,,
2.890,1.807,-0.942,,,,,,,,,,,,
2.900,2.174,-0.942,,,,,,,,,,,,
2.910,2.528,-0.942,,,,,,,,,,,,
2.920,2.879,-0.941,,,,,,,,,,,,
2.930,3.214,-0.941,,,,,,,,,,,,
2.940,3.552,-0.941,,,,,,,,,,,,
2.950,3.881,-0.941,,,,,,,,,,,,
2.960,4.201,-0.941,,,,,,,,,,,,
2.970,4.506,-0.940,,,,,,,,,,,,
2.980,4.806,-0.941,,,,,,,,,,,,
2.990,5.098,-0.941,,,,,,,,,,,,
3.000,5.374,-0.942,,,,,,,,,,,,
3.010,5.640,-0.942,,,,,,,,,,,,
3.020,5.891,-0.942,,,,,,,,,,,,
3.030,6.130,-0.943,,,,,,,,,,,,
3.040,6.360,-0.943,,,,,,,,,,,,
3.050,6.570,-0.944,,,,,,,,,,,,
3.060,6.768,-0.944,,,,,,,,,,,,
3.070,6.946,-0.943,,,,,,,,,,,,
3.080,7.109,-0.942,,,,,,,,,,,,
3.090,7.267,-0.943,,,,,,,,,,,,
3.100,7.402,-0.942,,,,,,,,,,,,
3.110,7.523,-0.942,,,,,,,,,,,,
3.120,7.622,-0.941,,,,,,,,,,,,
3.130,7.704,-0.941,,,,,,,,,,,,
3.140,7.770,-0.942,,,,,,,,,,,,
3.150,7.820,-0.942,,,,,,,,,,,,
3.160,7.855,-0.942,,,,,,,,,,,,
3.170,7.867,-0.942,,,,,,,,,,,,
3.180,7.863,-0.942,,,,,,,,,,,,
3.190,7.847,-0.942,,,,,,,,,,,,
3.200,7.809,-0.942,,,,,,,,,,,,
3.210,7.757,-0.942,,,,,,,,,,,,
3.220,7.688,-0.941,,,,,,,,,,,,
3.230,7.602,-0.941,,,,,,,,,,,,
3.240,7.498,-0.941,,,,,,,,,,,,
3.250,7.376,-0.942,,,,,,,,,,,,
3.260,7.242,-0.941,,,,,,,,,,,,
3.270,7.083,-0.941,,,,,,,,,,,,
3.280,6.919,-0.941,,,,,,,,,,,,
3.290,6.739,-0.941,,,,,,,,,,,,
3.300,6.544,-0.942,,,,,,,,,,,,
3.310,6.337,-0.941,,,,,,,,,,,,
3.320,6.111,-0.941,,,,,,,,,,,,
3.330,5.879,-0.941,,,,,,,,,,,,
3.340,5.627,-0.941,,,,,,,,,,,,
3.350,5.367,-0.941,,,,,,,,,,,,
3.360,5.099,-0.941,,,,,,,,,,,,
3.370,4.818,-0.940,,,,,,,,,,,,
3.380,4.527,-0.940,,,,,,,,,,,,
3.390,4.234,-0.941,,,,,,,,,,,,
3.400,3.928,-0.941,,,,,,,,,,,,
3.410,3.611,-0.941,,,,,,,,,,,,
3.420,3.288,-0.941,,,,,,,,,,,,
3.430,2.969,-0.941,,,,,,,,,,,,
3.440,2.633,-0.942,,,,,,,,,,,,
3.450,2.294,-0.942,,,,,,,,,,,,
3.460,1.944,-0.942,,,,,,,,,,,,
3.470,1.592,-0.941,,,,,,,,,,,,
3.480,1.231,-0.941,,,,,,,,,,,,
3.490,0.867,-0.941,,,,,,,,,,,,
3.500,0.512,-0.941,,,,,,,,,,,,
3.510,0.149,-0.941,,,,,,,,,,,,
3.520,-0.217,-0.940,,,,,,,,,,,,
3.530,-0.571,-0.939,,,,,,,,,,,,
3.540,-0.929,-0.940,,,,,,,,,,,,
3.550,-1.285,-0.940,,,,,,,,,,,,
3.560,-1.641,-0.940,,,,,,,,,,,,
3.570,-1.989,-0.939,,,,,,,,,,,,
3.580,-2.330,-0.939,,,,,,,,,,,,
3.590,-2.668,-0.940,,,,,,,,,,,,
3.600,-2.996,-0.941,,,,,,,,,,,,
3.610,-3.323,-0.941,,,,,,,,,,,,
3.620,-3.644,-0.940,,,,,,,,,,,,
3.630,-3.953,-0.941,,,,,,,,,,,,
3.640,-4.251,-0.941,,,,,,,,,,,,
3.650,-4.534,-0.941,,,,,,,,,,,,
3.660,-4.813,-0.941,,,,,,,,,,,,
3.670,-5.079,-0.941,,,,,,,,,,,,
3.680,-5.330,-0.941,,,,,,,,,,,,
3.690,-5.568,-0.941,,,,,,,,,,,,
3.700,-5.789,-0.942,,,,,,,,,,,,
3.710,-6.000,-0.941,,,,,,,,,,,,
3.720,-6.192,-0.941,,,,,,,,,,,,
3.730,-6.371,-0.941,,,,,,,,,,,,
3.740,-6.537,-0.941,,,,,,,,,,,,
3.750,-6.683,-0.941,,,,,,,,,,,,
3.760,-6.817,-0.942,,,,,,,,,,,,
3.770,-6.936,-0.941,,,,,,,,,,,,
3.780,-7.044,-0.941,,,,,,,,,,,,
3.790,-7.133,-0.941,,,,,,,,,,,,
3.800,-7.202,-0.941,,,,,,,,,,,,
3.810,-7.259,-0.941,,,,,,,,,,,,
3.820,-7.296,-0.940,,,,,,,,,,,,
3.830,-7.315,-0.940,,,,,,,,,,,,
3.840,-7.317,-0.941,,,,,,,,,,,,
3.850,-7.300,-0.941,,,,,,,,,,,,
3.860,-7.269,-0.941,,,,,,,,,,,,
3.870,-7.218,-0.940,,,,,,,,,,,,
3.880,-7.153,-0.940,,,,,,,,,,,,
3.890,-7.071,-0.941,,,,,,,,,,,,
3.900,-6.971,-0.941,,,,,,,,,,,,
3.910,-6.862,-0.941,,,,,,,,,,,,
3.920,-6.741,-0.940,,,,,,,,,,,,
3.930,-6.604,-0.940,,,,,,,,,,,,
3.940,-6.451,-0.941,,,,,,,,,,,,
3.950,-6.282,-0.941,,,,,,,,,,,,
3.960,-6.105,-0.941,,,,,,,,,,,,
3.970,-5.913,-0.940,,,,,,,,,,,,
3.980,-5.705,-0.940,,,,,,,,,,,,
3.990,-5.486,-0.941,,,,,,,,,,,,
4.000,-5.249,-0.941,,,,,,,,,,,,
4.010,-5.004,-0.941,,,,,,,,,,,,
4.020,-4.746,-0.940,,,,,,,,,,,,
4.030,-4.477,-0.940,,,,,,,,,,,,
4.040,-4.202,-0.940,,,,,,,,,,,,
4.050,-3.912,-0.940,,,,,,,,,,,,
4.060,-3.614,-0.940,,,,,,,,,,,,
4.070,-3.311,-0.940,,,,,,,,,,,,
4.080,-2.998,-0.940,,,,,,,,,,,,
4.090,-2.683,-0.940,,,,,,,,,,,,
4.100,-2.358,-0.941,,,,,,,,,,,,
4.110,-2.032,-0.941,,,,,,,,,,,,
4.120,-1.706,-0.940,,,,,,,,,,,,
4.130,-1.370,-0.941,,,,,,,,,,,,
4.140,-1.033,-0.941,,,,,,,,,,,,
4.150,-0.691,-0.941,,,,,,,,,,,,
4.160,-0.355,-0.941,,,,,,,,,,,,
4.170,-0.015,-0.941,,,,,,,,,,,,
4.180,0.328,-0.941,,,,,,,,,,,,
4.190,0.664,-0.941,,,,,,,,,,,,
4.200,0.999,-0.941,,,,,,,,,,,,
4.210,1.336,-0.941,,,,,,,,,,,,
4.220,1.664,-0.941,,,,,,,,,,,,
4.230,1.990,-0.941,,,,,,,,,,,,
4.240,2.307,-0.941,,,,,,,,,,,,
4.250,2.618,-0.941,,,,,,,,,,,,
4.260,2.916,-0.941,,,,,,,,,,,,
4.270,3.207,-0.940,,,,,,,,,,,,
4.280,3.493,-0.940,,,,,,,,,,,,
4.290,3.775,-0.940,,,,,,,,,,,,
4.300,4.041,-0.941,,,,,,,,,,,,
4.310,4.302,-0.941,,,,,,,,,,,,
4.320,4.552,-0.940,,,,,,,,,,,,
4.330,4.792,-0.940,,,,,,,,,,,,
4.340,5.025,-0.941,,,,,,,,,,,,
4.350,5.250,-0.941,,,,,,,,,,,,
4.360,5.460,-0.941,,,,,,,,,,,,
4.370,5.649,-0.941,,,,,,,,,,,,
4.380,5.831,-0.941,,,,,,,,,,,,
4.390,6.005,-0.941,,,,,,,,,,,,
4.400,6.159,-0.941,,,,,,,,,,,,
4.410,6.298,-0.941,,,,,,,,,,,,
4.420,6.425,-0.940,,,,,,,,,,,,
4.430,6.538,-0.940,,,,,,,,,,,,
4.440,6.631,-0.941,,,,,,,,,,,,
4.450,6.716,-0.941,,,,,,,,,,,,
4.460,6.794,-0.941,,,,,,,,,,,,
4.470,6.849,-0.941,,,,,,,,,,,,
4.480,6.887,-0.941,,,,,,,,,,,,
4.490,6.912,-0.942,,,,,,,,,,,,
4.500,6.922,-0.942,,,,,,,,,,,,
4.510,6.915,-0.942,,,,,,,,,,,,
4.520,6.890,-0.941,,,,,,,,,,,,
4.530,6.856,-0.941,,,,,,,,,,,,
4.540,6.803,-0.941,,,,,,,,,,,,
4.550,6.731,-0.942,,,,,,,,,,,,
4.560,6.649,-0.941,,,,,,,,,,,,
4.570,6.558,-0.941,,,,,,,,,,,,
4.580,6.451,-0.941,,,,,,,,,,,,
4.590,6.327,-0.941,,,,,,,,,,,,
4.600,6.194,-0.941,,,,,,,,,,,,
4.610,6.048,-0.941,,,,,,,,,,,,
4.620,5.884,-0.940,,,,,,,,,,,,
4.630,5.705,-0.940,,,,,,,,,,,,
4.640,5.523,-0.941,,,,,,,,,,,,
4.650,5.329,-0.941,,,,,,,,,,,,
4.660,5.104,-0.941,,,,,,,,,,,,
4.670,4.879,-0.940,,,,,,,,,,,,
4.680,4.655,-0.940,,,,,,,,,,,,
4.690,4.415,-0.940,,,,,,,,,,,,
4.700,4.169,-0.941,,,,,,,,,,,,
4.710,3.918,-0.941,,,,,,,,,,,,
4.720,3.658,-0.941,,,,,,,,,,,,
4.730,3.386,-0.941,,,,,,,,,,,,
4.740,3.103,-0.941,,,,,,,,,,,,
4.750,2.836,-0.941,,,,,,,,,,,,
4.760,2.534,-0.941,,,,,,,,,,,,
4.770,2.231,-0.940,,,,,,,,,,,,
4.780,1.931,-0.940,,,,,,,,,,,,
4.790,1.621,-0.940,,,,,,,,,,,,
4.800,1.308,-0.941,,,,,,,,,,,,
4.810,0.992,-0.941,,,,,,,,,,,,
4.820,0.676,-0.940,,,,,,,,,,,,
4.830,0.361,-0.940,,,,,,,,,,,,
4.840,0.040,-0.941,,,,,,,,,,,,
4.850,-0.263,-0.941,,,,,,,,,,,,
4.860,-0.572,-0.941,,,,,,,,,,,,
4.870,-0.888,-0.941,,,,,,,,,,,,
4.880,-1.200,-0.941,,,,,,,,,,,,
4.890,-1.507,-0.941,,,,,,,,,,,,
4.900,-1.812,-0.941,,,,,,,,,,,,
4.910,-2.109,-0.941,,,,,,,,,,,,
4.920,-2.404,-0.941,,,,,,,,,,,,
4.930,-2.693,-0.941,,,,,,,,,,,,
4.940,-2.974,-0.942,,,,,,,,,,,,
4.950,-3.252,-0.942,,,,,,,,,,,,
4.960,-3.520,-0.942,,,,,,,,,,,,
4.970,-3.778,-0.941,,,,,,,,,,,,
4.980,-4.030,-0.941,,,,,,,,,,,,
4.990,-4.267,-0.941,,,,,,,,,,,,
5.000,-4.498,-0.942,,,,,,,,,,,,
5.010,-4.716,-0.941,,,,,,,,,,,,
5.020,-4.924,-0.941,,,,,,,,,,,,
5.030,-5.120,-0.940,,,,,,,,,,,,
5.040,-5.306,-0.941,,,,,,,,,,,,
5.050,-5.474,-0.941,,,,,,,,,,,,
5.060,-5.630,-0.941,,,,,,,,,,,,
5.070,-5.773,-0.941,,,,,,,,,,,,
5.080,-5.898,-0.941,,,,,,,,,,,,
5.090,-6.009,-0.941,,,,,,,,,,,,
5.100,-6.106,-0.941,,,,,,,,,,,,
5.110,-6.188,-0.941,,,,,,,,,,,,
5.120,-6.256,-0.941,,,,,,,,,,,,
5.130,-6.308,-0.941,,,,,,,,,,,,
5.140,-6.347,-0.941,,,,,,,,,,,,
5.150,-6.371,-0.941,,,,,,,,,,,,
5.160,-6.380,-0.941,,,,,,,,,,,,
5.170,-6.381,-0.941,,,,,,,,,,,,
5.180,-6.365,-0.941,,,,,,,,,,,,
5.190,-6.336,-0.941,,,,,,,,,,,,
5.200,-6.293,-0.941,,,,,,,,,,,,
5.210,-6.238,-0.941,,,,,,,,,,,,
5.220,-6.169,-0.941,,,,,,,,,,,,
5.230,-6.082,-0.941,,,,,,,,,,,,
5.240,-5.981,-0.941,,,,,,,,,,,,
5.250,-5.870,-0.941,,,,,,,,,,,,
5.260,-5.745,-0.941,,,,,,,,,,,,
5.270,-5.607,-0.941,,,,,,,,,,,,
5.280,-5.454,-0.941,,,,,,,,,,,,
5.290,-5.290,-0.941,,,,,,,,,,,,
5.300,-5.108,-0.941,,,,,,,,,,,,
5.310,-4.919,-0.941,,,,,,,,,,,,
5.320,-4.724,-0.940,,,,,,,,,,,,
5.330,-4.518,-0.940,,,,,,,,,,,,
5.340,-4.295,-0.941,,,,,,,,,,,,
5.350,-4.066,-0.941,,,,,,,,,,,,
5.360,-3.829,-0.941,,,,,,,,,,,,
5.370,-3.587,-0.940,,,,,,,,,,,,
5.380,-3.333,-0.940,,,,,,,,,,,,
5.390,-3.071,-0.941,,,,,,,,,,,,
5.400,-2.801,-0.941,,,,,,,,,,,,
5.410,-2.528,-0.941,,,,,,,,,,,,
5.420,-2.250,-0.940,,,,,,,,,,,,
5.430,-1.970,-0.940,,,,,,,,,,,,
5.440,-1.683,-0.941,,,,,,,,,,,,
5.450,-1.394,-0.941,,,,,,,,,,,,
5.460,-1.099,-0.941,,,,,,,,,,,,
5.470,-0.808,-0.940,,,,,,,,,,,,
5.480,-0.514,-0.940,,,,,,,,,,,,
5.490,-0.222,-0.941,,,,,,,,,,,,
5.500,0.070,-0.941,,,,,,,,,,,,
5.510,0.363,-0.941,,,,,,,,,,,,
5.520,0.655,-0.941,,,,,,,,,,,,
5.530,0.948,-0.941,,,,,,,,,,,,
5.540,1.235,-0.941,,,,,,,,,,,,
5.550,1.521,-0.942,,,,,,,,,,,,
5.560,1.805,-0.942,,,,,,,,,,,,
5.570,2.079,-0.941,,,,,,,,,,,,
5.580,2.345,-0.941,,,,,,,,,,,,
5.590,2.615,-0.941,,,,,,,,,,,,
5.600,2.871,-0.941,,,,,,,,,,,,
5.610,3.116,-0.941,,,,,,,,,,,,
5.620,3.353,-0.941,,,,,,,,,,,,
5.630,3.590,-0.941,,,,,,,,,,,,
5.640,3.811,-0.941,,,,,,,,,,,,
5.650,4.025,-0.941,,,,,,,,,,,,
5.660,4.227,-0.941,,,,,,,,,,,,
5.670,4.421,-0.941,,,,,,,,,,,,
5.680,4.607,-0.941,,,,,,,,,,,,
5.690,4.789,-0.941,,,,,,,,,,,,
5.700,4.960,-0.941,,,,,,,,,,,,
5.710,5.118,-0.941,,,,,,,,,,,,
5.720,5.255,-0.941,,,,,,,,,,,,
5.730,5.386,-0.941,,,,,,,,,,,,
5.740,5.506,-0.941,,,,,,,,,,,,
5.750,5.619,-0.941,,,,,,,,,,,,
5.760,5.719,-0.941,,,,,,,,,,,,
5.770,5.797,-0.941,,,,,,,,,,,,
5.780,5.862,-0.941,,,,,,,,,,,,
5.790,5.914,-0.941,,,,,,,,,,,,
5.800,5.954,-0.942,,,,,,,,,,,,
5.810,5.988,-0.941,,,,,,,,,,,,
5.820,6.007,-0.941,,,,,,,,,,,,
5.830,6.008,-0.941,,,,,,,,,,,,
5.840,5.994,-0.941,,,,,,,,,,,,
5.850,5.967,-0.942,,,,,,,,,,,,
5.860,5.930,-0.942,,,,,,,,,,,,
5.870,5.880,-0.941,,,,,,,,,,,,
5.880,5.820,-0.941,,,,,,,,,,,,
5.890,5.751,-0.941,,,,,,,,,,,,
5.900,5.664,-0.942,,,,,,,,,,,,
5.910,5.560,-0.941,,,,,,,,,,,,
5.920,5.450,-0.941,,,,,,,,,,,,
5.930,5.325,-0.941,,,,,,,,,,,,
5.940,5.194,-0.941,,,,,,,,,,,,
5.950,5.055,-0.941,,,,,,,,,,,,
5.960,4.888,-0.941,,,,,,,,,,,,
5.970,4.720,-0.941,,,,,,,,,,,,
5.980,4.542,-0.941,,,,,,,,,,,,
5.990,4.358,-0.941,,,,,,,,,,,,
6.000,4.172,-0.941,,,,,,,,,,,,
6.010,3.971,-0.942,,,,,,,,,,,,
6.020,3.766,-0.941,,,,,,,,,,,,
6.030,3.555,-0.941,,,,,,,,,,,,
6.040,3.326,-0.941,,,,,,,,,,,,
6.050,3.110,-0.941,,,,,,,,,,,,
6.060,2.875,-0.942,,,,,,,,,,,,
6.070,2.630,-0.941,,,,,,,,,,,,
6.080,2.359,-0.941,,,,,,,,,,,,
6.090,2.100,-0.941,,,,,,,,,,,,
6.100,1.843,-0.942,,,,,,,,,,,,
6.110,1.578,-0.942,,,,,,,,,,,,
6.120,1.308,-0.941,,,,,,,,,,,,
6.130,1.044,-0.941,,,,,,,,,,,,
6.140,0.770,-0.942,,,,,,,,,,,,
6.150,0.494,-0.942,,,,,,,,,,,,
6.160,0.222,-0.942,,,,,,,,,,,,
6.170,-0.029,-0.942,,,,,,,,,,,,
6.180,-0.301,-0.942,,,,,,,,,,,,
6.190,-0.572,-0.942,,,,,,,,,,,,
6.200,-0.837,-0.942,,,,,,,,,,,,
6.210,-1.105,-0.942,,,,,,,,,,,,
6.220,-1.375,-0.941,,,,,,,,,,,,
6.230,-1.634,-0.941,,,,,,,,,,,,
6.240,-1.889,-0.942,,,,,,,,,,,,
6.250,-2.142,-0.942,,,,,,,,,,,,
6.260,-2.389,-0.942,,,,,,,,,,,,
6.270,-2.630,-0.941,,,,,,,,,,,,
6.280,-2.867,-0.941,,,,,,,,,,,,
6.290,-3.100,-0.941,,,,,,,,,,,,
6.300,-3.319,-0.942,,,,,,,,,,,,
6.310,-3.527,-0.941,,,,,,,,,,,,
6.320,-3.733,-0.940,,,,,,,,,,,,
6.330,-3.925,-0.940,,,,,,,,,,,,
6.340,-4.107,-0.941,,,,,,,,,,,,
6.350,-4.284,-0.941,,,,,,,,,,,,
6.360,-4.451,-0.941,,,,,,,,,,,,
6.370,-4.608,-0.941,,,,,,,,,,,,
6.380,-4.752,-0.941,,,,,,,,,,,,
6.390,-4.885,-0.941,,,,,,,,,,,,
6.400,-5.008,-0.942,,,,,,,,,,,,
6.410,-5.115,-0.942,,,,,,,,,,,,
6.420,-5.210,-0.941,,,,,,,,,,,,
6.430,-5.291,-0.941,,,,,,,,,,,,
6.440,-5.357,-0.942,,,,,,,,,,,,
6.450,-5.412,-0.942,,,,,,,,,,,,
6.460,-5.452,-0.942,,,,,,,,,,,,
6.470,-5.481,-0.941,,,,,,,,,,,,
6.480,-5.497,-0.941,,,,,,,,,,,,
6.490,-5.499,-0.942,,,,,,,,,,,,
6.500,-5.493,-0.942,,,,,,,,,,,,
6.510,-5.477,-0.942,,,,,,,,,,,,
6.520,-5.455,-0.942,,,,,,,,,,,,
6.530,-5.416,-0.941,,,,,,,,,,,,
6.540,-5.363,-0.942,,,,,,,,,,,,
6.550,-5.297,-0.942,,,,,,,,,,,,
6.560,-5.219,-0.942,,,,,,,,,,,,
6.570,-5.132,-0.941,,,,,,,,,,,,
6.580,-5.035,-0.941,,,,,,,,,,,,
6.590,-4.918,-0.941,,,,,,,,,,,,
6.600,-4.792,-0.941,,,,,,,,,,,,
6.610,-4.654,-0.941,,,,,,,,,,,,
6.620,-4.509,-0.941,,,,,,,,,,,,
6.630,-4.354,-0.940,,,,,,,,,,,,
6.640,-4.189,-0.941,,,,,,,,,,,,
6.650,-4.016,-0.941,,,,,,,,,,,,
6.660,-3.836,-0.941,,,,,,,,,,,,
6.670,-3.647,-0.941,,,,,,,,,,,,
6.680,-3.452,-0.941,,,,,,,,,,,,
6.690,-3.248,-0.942,,,,,,,,,,,,
6.700,-3.034,-0.942,,,,,,,,,,,,
6.710,-2.808,-0.942,,,,,,,,,,,,
6.720,-2.582,-0.941,,,,,,,,,,,,
6.730,-2.354,-0.941,,,,,,,,,,,,
6.740,-2.117,-0.942,,,,,,,,,,,,
6.750,-1.875,-0.942,,,,,,,,,,,,
6.760,-1.631,-0.942,,,,,,,,,,,,
6.770,-1.389,-0.941,,,,,,,,,,,,
6.780,-1.142,-0.941,,,,,,,,,,,,
6.790,-0.890,-0.941,,,,,,,,,,,,
6.800,-0.644,-0.942,,,,,,,,,,,,
6.810,-0.390,-0.942,,,,,,,,,,,,
6.820,-0.136,-0.941,,,,,,,,,,,,
6.830,0.112,-0.941,,,,,,,,,,,,
6.840,0.358,-0.942,,,,,,,,,,,,
6.850,0.609,-0.942,,,,,,,,,,,,
6.860,0.860,-0.942,,,,,,,,,,,,
6.870,1.106,-0.941,,,,,,,,,,,,
6.880,1.344,-0.941,,,,,,,,,,,,
6.890,1.584,-0.942,,,,,,,,,,,,
6.900,1.820,-0.942,,,,,,,,,,,,
6.910,2.051,-0.942,,,,,,,,,,,,
6.920,2.276,-0.941,,,,,,,,,,,,
6.930,2.501,-0.941,,,,,,,,,,,,
6.940,2.716,-0.941,,,,,,,,,,,,
6.950,2.922,-0.942,,,,,,,,,,,,
6.960,3.119,-0.942,,,,,,,,,,,,
6.970,3.305,-0.941,,,,,,,,,,,,
6.980,3.485,-0.941,,,,,,,,,,,,
6.990,3.655,-0.942,,,,,,,,,,,,
7.000,3.816,-0.942,,,,,,,,,,,,
7.010,3.969,-0.942,,,,,,,,,,,,
7.020,4.113,-0.941,,,,,,,,,,,,
7.030,4.249,-0.941,,,,,,,,,,,,
7.040,4.377,-0.942,,,,,,,,,,,,
7.050,4.495,-0.942,,,,,,,,,,,,
7.060,4.609,-0.942,,,,,,,,,,,,
7.070,4.703,-0.941,,,,,,,,,,,,
7.080,4.787,-0.941,,,,,,,,,,,,
7.090,4.860,-0.941,,,,,,,,,,,,
7.100,4.920,-0.942,,,,,,,,,,,,
7.110,4.965,-0.942,,,,,,,,,,,,
7.120,4.997,-0.941,,,,,,,,,,,,
7.130,5.021,-0.941,,,,,,,,,,,,
7.140,5.039,-0.941,,,,,,,,,,,,
7.150,5.042,-0.941,,,,,,,,,,,,
7.160,5.043,-0.941,,,,,,,,,,,,
7.170,5.031,-0.941,,,,,,,,,,,,
7.180,5.012,-0.941,,,,,,,,,,,,
7.190,4.985,-0.941,,,,,,,,,,,,
7.200,4.945,-0.941,,,,,,,,,,,,
7.210,4.897,-0.941,,,,,,,,,,,,
7.220,4.834,-0.941,,,,,,,,,,,,
7.230,4.759,-0.941,,,,,,,,,,,,
7.240,4.673,-0.941,,,,,,,,,,,,
7.250,4.580,-0.941,,,,,,,,,,,,
7.260,4.469,-0.942,,,,,,,,,,,,
7.270,4.349,-0.941,,,,,,,,,,,,
7.280,4.226,-0.941,,,,,,,,,,,,
7.290,4.096,-0.941,,,,,,,,,,,,
7.300,3.956,-0.941,,,,,,,,,,,,
7.310,3.810,-0.941,,,,,,,,,,,,
7.320,3.656,-0.940,,,,,,,,,,,,
7.330,3.497,-0.940,,,,,,,,,,,,
7.340,3.326,-0.940,,,,,,,,,,,,
7.350,3.152,-0.941,,,,,,,,,,,,
7.360,2.967,-0.941,,,,,,,,,,,,
7.370,2.774,-0.940,,,,,,,,,,,,
7.380,2.586,-0.940,,,,,,,,,,,,
7.390,2.381,-0.941,,,,,,,,,,,,
7.400,2.161,-0.941,,,,,,,,,,,,
7.410,1.943,-0.941,,,,,,,,,,,,
7.420,1.722,-0.941,,,,,,,,,,,,
7.430,1.500,-0.941,,,,,,,,,,,,
7.440,1.279,-0.942,,,,,,,,,,,,
7.450,1.056,-0.942,,,,,,,,,,,,
7.460,0.826,-0.942,,,,,,,,,,,,
7.470,0.583,-0.941,,,,,,,,,,,,
7.480,0.354,-0.941,,,,,,,,,,,,
7.490,0.132,-0.941,,,,,,,,,,,,
7.500,-0.095,-0.942,,,,,,,,,,,,
7.510,-0.325,-0.941,,,,,,,,,,,,
7.520,-0.560,-0.941,,,,,,,,,,,,
7.530,-0.784,-0.940,,,,,,,,,,,,
7.540,-1.004,-0.941,,,,,,,,,,,,
7.550,-1.225,-0.941,,,,,,,,,,,,
7.560,-1.441,-0.941,,,,,,,,,,,,
7.570,-1.658,-0.941,,,,,,,,,,,,
7.580,-1.868,-0.941,,,,,,,,,,,,
7.590,-2.075,-0.941,,,,,,,,,,,,
7.600,-2.280,-0.942,,,,,,,,,,,,
7.610,-2.473,-0.941,,,,,,,,,,,,
7.620,-2.665,-0.941,,,,,,,,,,,,
7.630,-2.853,-0.941,,,,,,,,,,,,
7.640,-3.031,-0.942,,,,,,,,,,,,
7.650,-3.200,-0.942,,,,,,,,,,,,
7.660,-3.360,-0.942,,,,,,,,,,,,
7.670,-3.514,-0.941,,,,,,,,,,,,
7.680,-3.657,-0.941,,,,,,,,,,,,
7.690,-3.784,-0.941,,,,,,,,,,,,
7.700,-3.908,-0.942,,,,,,,,,,,,
7.710,-4.026,-0.941,,,,,,,,,,,,
7.720,-4.136,-0.941,,,,,,,,,,,,
7.730,-4.235,-0.941,,,,,,,,,,,,
7.740,-4.319,-0.941,,,,,,,,,,,,
7.750,-4.392,-0.941,,,,,,,,,,,,
7.760,-4.456,-0.941,,,,,,,,,,,,
7.770,-4.517,-0.941,,,,,,,,,,,,
7.780,-4.567,-0.941,,,,,,,,,,,,
7.790,-4.599,-0.941,,,,,,,,,,,,
7.800,-4.622,-0.941,,,,,,,,,,,,
7.810,-4.633,-0.941,,,,,,,,,,,,
7.820,-4.634,-0.940,,,,,,,,,,,,
7.830,-4.627,-0.940,,,,,,,,,,,,
7.840,-4.608,-0.940,,,,,,,,,,,,
7.850,-4.576,-0.941,,,,,,,,,,,,
7.860,-4.528,-0.941,,,,,,,,,,,,
7.870,-4.475,-0.940,,,,,,,,,,,,
7.880,-4.417,-0.940,,,,,,,,,,,,
7.890,-4.346,-0.941,,,,,,,,,,,,
7.900,-4.267,-0.941,,,,,,,,,,,,
7.910,-4.176,-0.941,,,,,,,,,,,,
7.920,-4.078,-0.941,,,,,,,,,,,,
7.930,-3.969,-0.941,,,,,,,,,,,,
7.940,-3.853,-0.941,,,,,,,,,,,,
7.950,-3.731,-0.941,,,,,,,,,,,,
7.960,-3.604,-0.941,,,,,,,,,,,,
7.970,-3.465,-0.940,,,,,,,,,,,,
7.980,-3.316,-0.940,,,,,,,,,,,,
7.990,-3.161,-0.940,,,,,,,,,,,,
8.000,-2.998,-0.940,,,,,,,,,,,,
8.010,-2.828,-0.940,,,,,,,,,,,,
8.020,-2.651,-0.939,,,,,,,,,,,,
8.030,-2.469,-0.939,,,,,,,,,,,,
8.040,-2.285,-0.940,,,,,,,,,,,,
8.050,-2.092,-0.940,,,,,,,,,,,,
8.060,-1.895,-0.940,,,,,,,,,,,,
8.070,-1.699,-0.940,,,,,,,,,,,,
8.080,-1.498,-0.940,,,,,,,,,,,,
8.090,-1.296,-0.940,,,,,,,,,,,,
8.100,-1.093,-0.940,,,,,,,,,,,,
8.110,-0.890,-0.940,,,,,,,,,,,,
8.120,-0.684,-0.940,,,,,,,,,,,,
8.130,-0.472,-0.940,,,,,,,,,,,,
8.140,-0.257,-0.940,,,,,,,,,,,,
8.150,-0.047,-0.940,,,,,,,,,,,,
8.160,0.162,-0.941,,,,,,,,,,,,
8.170,0.368,-0.940,,,,,,,,,,,,
8.180,0.547,-0.940,,,,,,,,,,,,
8.190,0.758,-0.941,,,,,,,,,,,,
8.200,0.964,-0.941,,,,,,,,,,,,
8.210,1.163,-0.941,,,,,,,,,,,,
8.220,1.357,-0.940,,,,,,,,,,,,
8.230,1.545,-0.940,,,,,,,,,,,,
8.240,1.739,-0.941,,,,,,,,,,,,
8.250,1.928,-0.941,,,,,,,,,,,,
8.260,2.115,-0.941,,,,,,,,,,,,
8.270,2.322,-0.941,,,,,,,,,,,,
8.280,2.491,-0.940,,,,,,,,,,,,
8.290,2.654,-0.941,,,,,,,,,,,,
8.300,2.811,-0.941,,,,,,,,,,,,
8.310,2.963,-0.941,,,,,,,,,,,,
8.320,3.106,-0.941,,,,,,,,,,,,
8.330,3.237,-0.941,,,,,,,,,,,,
8.340,3.360,-0.941,,,,,,,,,,,,
8.350,3.474,-0.942,,,,,,,,,,,,
8.360,3.578,-0.942,,,,,,,,,,,,
8.370,3.673,-0.941,,,,,,,,,,,,
8.380,3.764,-0.941,,,,,,,,,,,,
8.390,3.848,-0.942,,,,,,,,,,,,
8.400,3.920,-0.942,,,,,,,,,,,,
8.410,3.988,-0.942,,,,,,,,,,,,
8.420,4.044,-0.941,,,,,,,,,,,,
8.430,4.092,-0.941,,,,,,,,,,,,
8.440,4.133,-0.941,,,,,,,,,,,,
8.450,4.168,-0.942,,,,,,,,,,,,
8.460,4.194,-0.942,,,,,,,,,,,,
8.470,4.206,-0.941,,,,,,,,,,,,
8.480,4.205,-0.941,,,,,,,,,,,,
8.490,4.204,-0.941,,,,,,,,,,,,
8.500,4.182,-0.942,,,,,,,,,,,,
8.510,4.154,-0.942,,,,,,,,,,,,
8.520,4.116,-0.941,,,,,,,,,,,,
8.530,4.072,-0.940,,,,,,,,,,,,
8.540,4.021,-0.941,,,,,,,,,,,,
8.550,3.961,-0.941,,,,,,,,,,,,
8.560,3.886,-0.940,,,,,,,,,,,,
8.570,3.812,-0.940,,,,,,,,,,,,
8.580,3.726,-0.940,,,,,,,,,,,,
8.590,3.638,-0.940,,,,,,,,,,,,
8.600,3.544,-0.940,,,,,,,,,,,,
8.610,3.444,-0.941,,,,,,,,,,,,
8.620,3.335,-0.940,,,,,,,,,,,,
8.630,3.219,-0.940,,,,,,,,,,,,
8.640,3.091,-0.941,,,,,,,,,,,,
8.650,2.960,-0.941,,,,,,,,,,,,
8.660,2.817,-0.941,,,,,,,,,,,,
8.670,2.679,-0.941,,,,,,,,,,,,
8.680,2.529,-0.941,,,,,,,,,,,,
8.690,2.375,-0.941,,,,,,,,,,,,
8.700,2.207,-0.941,,,,,,,,,,,,
8.710,2.015,-0.941,,,,,,,,,,,,
8.720,1.836,-0.940,,,,,,,,,,,,
8.730,1.661,-0.940,,,,,,,,,,,,
8.740,1.491,-0.940,,,,,,,,,,,,
8.750,1.317,-0.940,,,,,,,,,,,,
8.760,1.125,-0.941,,,,,,,,,,,,
8.770,0.939,-0.940,,,,,,,,,,,,
8.780,0.749,-0.940,,,,,,,,,,,,
8.790,0.565,-0.940,,,,,,,,,,,,
8.800,0.398,-0.941,,,,,,,,,,,,
8.810,0.209,-0.941,,,,,,,,,,,,
8.820,0.019,-0.941,,,,,,,,,,,,
8.830,-0.173,-0.941,,,,,,,,,,,,
8.840,-0.360,-0.941,,,,,,,,,,,,
8.850,-0.546,-0.941,,,,,,,,,,,,
8.860,-0.734,-0.942,,,,,,,,,,,,
8.870,-0.918,-0.941,,,,,,,,,,,,
8.880,-1.093,-0.941,,,,,,,,,,,,
8.890,-1.264,-0.941,,,,,,,,,,,,
8.900,-1.435,-0.942,,,,,,,,,,,,
8.910,-1.604,-0.941,,,,,,,,,,,,
8.920,-1.775,-0.941,,,,,,,,,,,,
8.930,-1.941,-0.940,,,,,,,,,,,,
8.940,-2.097,-0.941,,,,,,,,,,,,
8.950,-2.247,-0.941,,,,,,,,,,,,
8.960,-2.397,-0.941,,,,,,,,,,,,
8.970,-2.548,-0.941,,,,,,,,,,,,
8.980,-2.687,-0.941,,,,,,,,,,,,
8.990,-2.814,-0.941,,,,,,,,,,,,
9.000,-2.933,-0.942,,,,,,,,,,,,
9.010,-3.043,-0.942,,,,,,,,,,,,
9.020,-3.147,-0.941,,,,,,,,,,,,
9.030,-3.246,-0.941,,,,,,,,,,,,
9.040,-3.336,-0.941,,,,,,,,,,,,
9.050,-3.415,-0.941,,,,,,,,,,,,
9.060,-3.486,-0.942,,,,,,,,,,,,
9.070,-3.556,-0.941,,,,,,,,,,,,
9.080,-3.616,-0.941,,,,,,,,,,,,
9.090,-3.665,-0.941,,,,,,,,,,,,
9.100,-3.706,-0.941,,,,,,,,,,,,
9.110,-3.739,-0.941,,,,,,,,,,,,
9.120,-3.763,-0.941,,,,,,,,,,,,
9.130,-3.774,-0.940,,,,,,,,,,,,
9.140,-3.777,-0.941,,,,,,,,,,,,
9.150,-3.771,-0.941,,,,,,,,,,,,
9.160,-3.754,-0.941,,,,,,,,,,,,
9.170,-3.730,-0.940,,,,,,,,,,,,
9.180,-3.699,-0.940,,,,,,,,,,,,
9.190,-3.657,-0.941,,,,,,,,,,,,
9.200,-3.607,-0.941,,,,,,,,,,,,
9.210,-3.550,-0.941,,,,,,,,,,,,
9.220,-3.490,-0.941,,,,,,,,,,,,
9.230,-3.420,-0.941,,,,,,,,,,,,
9.240,-3.344,-0.941,,,,,,,,,,,,
9.250,-3.260,-0.942,,,,,,,,,,,,
9.260,-3.167,-0.942,,,,,,,,,,,,
9.270,-3.071,-0.941,,,,,,,,,,,,
9.280,-2.969,-0.941,,,,,,,,,,,,
9.290,-2.858,-0.942,,,,,,,,,,,,
9.300,-2.739,-0.942,,,,,,,,,,,,
9.310,-2.615,-0.942,,,,,,,,,,,,
9.320,-2.481,-0.941,,,,,,,,,,,,
9.330,-2.339,-0.941,,,,,,,,,,,,
9.340,-2.197,-0.941,,,,,,,,,,,,
9.350,-2.057,-0.942,,,,,,,,,,,,
9.360,-1.907,-0.942,,,,,,,,,,,,
9.370,-1.753,-0.941,,,,,,,,,,,,
9.380,-1.598,-0.941,,,,,,,,,,,,
9.390,-1.441,-0.941,,,,,,,,,,,,
9.400,-1.281,-0.941,,,,,,,,,,,,
9.410,-1.125,-0.942,,,,,,,,,,,,
9.420,-0.968,-0.941,,,,,,,,,,,,
9.430,-0.805,-0.941,,,,,,,,,,,,
9.440,-0.632,-0.941,,,,,,,,,,,,
9.450,-0.461,-0.941,,,,,,,,,,,,
9.460,-0.294,-0.942,,,,,,,,,,,,
9.470,-0.125,-0.941,,,,,,,,,,,,
9.480,0.047,-0.941,,,,,,,,,,,,
9.490,0.217,-0.941,,,,,,,,,,,,
9.500,0.388,-0.942,,,,,,,,,,,,
9.510,0.554,-0.941,,,,,,,,,,,,
9.520,0.716,-0.941,,,,,,,,,,,,
9.530,0.877,-0.941,,,,,,,,,,,,
9.540,1.038,-0.941,,,,,,,,,,,,
9.550,1.197,-0.941,,,,,,,,,,,,
9.560,1.351,-0.941,,,,,,,,,,,,
9.570,1.496,-0.941,,,,,,,,,,,,
9.580,1.640,-0.941,,,,,,,,,,,,
9.590,1.781,-0.941,,,,,,,,,,,,
9.600,1.922,-0.941,,,,,,,,,,,,
9.610,2.060,-0.941,,,,,,,,,,,,
9.620,2.189,-0.941,,,,,,,,,,,,
9.630,2.311,-0.941,,,,,,,,,,,,
9.640,2.430,-0.941,,,,,,,,,,,,
9.650,2.541,-0.941,,,,,,,,,,,,
9.660,2.649,-0.942,,,,,,,,,,,,
9.670,2.749,-0.941,,,,,,,,,,,,
9.680,2.845,-0.941,,,,,,,,,,,,
9.690,2.931,-0.941,,,,,,,,,,,,
9.700,3.010,-0.941,,,,,,,,,,,,
9.710,3.075,-0.942,,,,,,,,,,,,
9.720,3.134,-0.941,,,,,,,,,,,,
9.730,3.187,-0.941,,,,,,,,,,,,
9.740,3.233,-0.941,,,,,,,,,,,,
9.750,3.269,-0.942,,,,,,,,,,,,
9.760,3.298,-0.942,,,,,,,,,,,,
9.770,3.316,-0.941,,,,,,,,,,,,
9.780,3.332,-0.941,,,,,,,,,,,,
9.790,3.340,-0.942,,,,,,,,,,,,
9.800,3.346,-0.942,,,,,,,,,,,,
9.810,3.341,-0.942,,,,,,,,,,,,
9.820,3.328,-0.941,,,,,,,,,,,,
9.830,3.311,-0.941,,,,,,,,,,,,
9.840,3.290,-0.941,,,,,,,,,,,,
9.850,3.264,-0.941,,,,,,,,,,,,
9.860,3.229,-0.942,,,,,,,,,,,,
9.870,3.184,-0.941,,,,,,,,,,,,
9.880,3.133,-0.941,,,,,,,,,,,,
9.890,3.077,-0.941,,,,,,,,,,,,
9.900,3.016,-0.941,,,,,,,,,,,,
9.910,2.947,-0.942,,,,,,,,,,,,
9.920,2.873,-0.941,,,,,,,,,,,,
9.930,2.782,-0.941,,,,,,,,,,,,
9.940,2.687,-0.941,,,,,,,,,,,,
9.950,2.587,-0.941,,,,,,,,,,,,
9.960,2.486,-0.942,,,,,,,,,,,,
9.970,2.376,-0.941,,,,,,,,,,,,
9.980,2.264,-0.941,,,,,,,,,,,,
9.990,2.144,-0.941,,,,,,,,,,,,
10.000,2.024,-0.941,,,,,,,,,,,,
10.010,1.880,-0.942,,,,,,,,,,,,
10.020,1.751,-0.941,,,,,,,,,,,,
10.030,1.622,-0.941,,,,,,,,,,,,
10.040,1.491,-0.941,,,,,,,,,,,,
10.050,1.356,-0.941,,,,,,,,,,,,
10.060,1.221,-0.941,,,,,,,,,,,,
10.070,1.074,-0.941,,,,,,,,,,,,
10.080,0.932,-0.941,,,,,,,,,,,,
10.090,0.785,-0.941,,,,,,,,,,,,
10.100,0.655,-0.941,,,,,,,,,,,,
10.110,0.511,-0.941,,,,,,,,,,,,
10.120,0.361,-0.940,,,,,,,,,,,,
10.130,0.210,-0.939,,,,,,,,,,,,
10.140,0.058,-0.940,,,,,,,,,,,,
10.150,-0.096,-0.940,,,,,,,,,,,,
10.160,-0.243,-0.941,,,,,,,,,,,,
10.170,-0.390,-0.940,,,,,,,,,,,,
10.180,-0.535,-0.940,,,,,,,,,,,,
10.190,-0.679,-0.941,,,,,,,,,,,,
10.200,-0.821,-0.941,,,,,,,,,,,,
10.210,-0.961,-0.942,,,,,,,,,,,,
10.220,-1.097,-0.941,,,,,,,,,,,,
10.230,-1.226,-0.941,,,,,,,,,,,,
10.240,-1.346,-0.941,,,,,,,,,,,,
10.250,-1.469,-0.941,,,,,,,,,,,,
10.260,-1.593,-0.941,,,,,,,,,,,,
10.270,-1.716,-0.941,,,,,,,,,,,,
10.280,-1.831,-0.941,,,,,,,,,,,,
10.290,-1.940,-0.941,,,,,,,,,,,,
10.300,-2.046,-0.941,,,,,,,,,,,,
10.310,-2.149,-0.942,,,,,,,,,,,,
10.320,-2.250,-0.941,,,,,,,,,,,,
10.330,-2.348,-0.941,,,,,,,,,,,,
10.340,-2.432,-0.942,,,,,,,,,,,,
10.350,-2.512,-0.942,,,,,,,,,,,,
10.360,-2.581,-0.942,,,,,,,,,,,,
10.370,-2.653,-0.942,,,,,,,,,,,,
10.380,-2.716,-0.942,,,,,,,,,,,,
10.390,-2.765,-0.942,,,,,,,,,,,,
10.400,-2.810,-0.942,,,,,,,,,,,,
10.410,-2.851,-0.942,,,,,,,,,,,,
10.420,-2.885,-0.941,,,,,,,,,,,,
10.430,-2.915,-0.941,,,,,,,,,,,,
10.440,-2.932,-0.942,,,,,,,,,,,,
10.450,-2.944,-0.942,,,,,,,,,,,,
10.460,-2.943,-0.942,,,,,,,,,,,,
10.470,-2.942,-0.941,,,,,,,,,,,,
10.480,-2.930,-0.941,,,,,,,,,,,,
10.490,-2.908,-0.941,,,,,,,,,,,,
10.500,-2.880,-0.942,,,,,,,,,,,,
10.510,-2.846,-0.942,,,,,,,,,,,,
10.520,-2.808,-0.941,,,,,,,,,,,,
10.530,-2.765,-0.941,,,,,,,,,,,,
10.540,-2.718,-0.942,,,,,,,,,,,,
10.550,-2.664,-0.942,,,,,,,,,,,,
10.560,-2.599,-0.942,,,,,,,,,,,,
10.570,-2.534,-0.942,,,,,,,,,,,,
10.580,-2.465,-0.941,,,,,,,,,,,,
10.590,-2.390,-0.942,,,,,,,,,,,,
10.600,-2.306,-0.942,,,,,,,,,,,,
10.610,-2.215,-0.942,,,,,,,,,,,,
10.620,-2.122,-0.942,,,,,,,,,,,,
10.630,-2.022,-0.942,,,,,,,,,,,,
10.640,-1.923,-0.942,,,,,,,,,,,,
10.650,-1.823,-0.942,,,,,,,,,,,,
10.660,-1.718,-0.942,,,,,,,,,,,,
10.670,-1.609,-0.942,,,,,,,,,,,,
10.680,-1.496,-0.941,,,,,,,,,,,,
10.690,-1.383,-0.942,,,,,,,,,,,,
10.700,-1.270,-0.942,,,,,,,,,,,,
10.710,-1.156,-0.942,,,,,,,,,,,,
10.720,-1.039,-0.941,,,,,,,,,,,,
10.730,-0.915,-0.940,,,,,,,,,,,,
10.740,-0.787,-0.940,,,,,,,,,,,,
10.750,-0.662,-0.940,,,,,,,,,,,,
10.760,-0.534,-0.940,,,,,,,,,,,,
10.770,-0.406,-0.940,,,,,,,,,,,,
10.780,-0.277,-0.939,,,,,,,,,,,,
10.790,-0.147,-0.940,,,,,,,,,,,,
10.800,-0.014,-0.940,,,,,,,,,,,,
10.810,0.121,-0.941,,,,,,,,,,,,
10.820,0.251,-0.940,,,,,,,,,,,,
10.830,0.379,-0.940,,,,,,,,,,,,
10.840,0.506,-0.941,,,,,,,,,,,,
10.850,0.630,-0.941,,,,,,,,,,,,
10.860,0.748,-0.942,,,,,,,,,,,,
10.870,0.855,-0.941,,,,,,,,,,,,
10.880,0.970,-0.941,,,,,,,,,,,,
10.890,1.087,-0.941,,,,,,,,,,,,
10.900,1.200,-0.941,,,,,,,,,,,,
10.910,1.306,-0.941,,,,,,,,,,,,
10.920,1.411,-0.941,,,,,,,,,,,,
10.930,1.512,-0.941,,,,,,,,,,,,
10.940,1.612,-0.941,,,,,,,,,,,,
10.950,1.707,-0.942,,,,,,,,,,,,
10.960,1.805,-0.942,,,,,,,,,,,,
10.970,1.885,-0.941,,,,,,,,,,,,
10.980,1.959,-0.941,,,,,,,,,,,,
10.990,2.027,-0.942,,,,,,,,,,,,
11.000,2.096,-0.942,,,,,,,,,,,,
11.010,2.155,-0.942,,,,,,,,,,,,
11.020,2.210,-0.942,,,,,,,,,,,,
11.030,2.261,-0.941,,,,,,,,,,,,
11.040,2.310,-0.942,,,,,,,,,,,,
11.050,2.353,-0.942,,,,,,,,,,,,
11.060,2.392,-0.942,,,,,,,,,,,,
11.070,2.421,-0.942,,,,,,,,,,,,
11.080,2.446,-0.941,,,,,,,,,,,,
11.090,2.462,-0.942,,,,,,,,,,,,
11.100,2.476,-0.942,,,,,,,,,,,,
11.110,2.482,-0.942,,,,,,,,,,,,
11.120,2.480,-0.941,,,,,,,,,,,,
11.130,2.476,-0.941,,,,,,,,,,,,
11.140,2.462,-0.942,,,,,,,,,,,,
11.150,2.445,-0.942,,,,,,,,,,,,
11.160,2.427,-0.942,,,,,,,,,,,,
11.170,2.396,-0.941,,,,,,,,,,,,
11.180,2.367,-0.941,,,,,,,,,,,,
11.190,2.331,-0.941,,,,,,,,,,,,
11.200,2.293,-0.942,,,,,,,,,,,,
11.210,2.249,-0.942,,,,,,,,,,,,
11.220,2.197,-0.941,,,,,,,,,,,,
11.230,2.147,-0.941,,,,,,,,,,,,
11.240,2.092,-0.941,,,,,,,,,,,,
11.250,2.027,-0.941,,,,,,,,,,,,
11.260,1.970,-0.942,,,,,,,,,,,,
11.270,1.906,-0.941,,,,,,,,,,,,
11.280,1.837,-0.941,,,,,,,,,,,,
11.290,1.750,-0.941,,,,,,,,,,,,
11.300,1.664,-0.941,,,,,,,,,,,,
11.310,1.577,-0.941,,,,,,,,,,,,
11.320,1.486,-0.941,,,,,,,,,,,,
11.330,1.393,-0.941,,,,,,,,,,,,
11.340,1.301,-0.941,,,,,,,,,,,,
11.350,1.202,-0.941,,,,,,,,,,,,
11.360,1.101,-0.941,,,,,,,,,,,,
11.370,0.998,-0.941,,,,,,,,,,,,
11.380,0.904,-0.940,,,,,,,,,,,,
11.390,0.805,-0.941,,,,,,,,,,,,
11.400,0.703,-0.941,,,,,,,,,,,,
11.410,0.600,-0.941,,,,,,,,,,,,
11.420,0.494,-0.941,,,,,,,,,,,,
11.430,0.386,-0.940,,,,,,,,,,,,
11.440,0.276,-0.941,,,,,,,,,,,,
11.450,0.162,-0.941,,,,,,,,,,,,
11.460,0.051,-0.941,,,,,,,,,,,,
11.470,-0.061,-0.940,,,,,,,,,,,,
11.480,-0.170,-0.940,,,,,,,,,,,,
11.490,-0.279,-0.940,,,,,,,,,,,,
11.500,-0.386,-0.940,,,,,,,,,,,,
11.510,-0.492,-0.941,,,,,,,,,,,,
11.520,-0.597,-0.940,,,,,,,,,,,,
11.530,-0.696,-0.940,,,,,,,,,,,,
11.540,-0.792,-0.940,,,,,,,,,,,,
11.550,-0.886,-0.940,,,,,,,,,,,,
11.560,-0.978,-0.941,,,,,,,,,,,,
11.570,-1.071,-0.940,,,,,,,,,,,,
11.580,-1.163,-0.940,,,,,,,,,,,,
11.590,-1.249,-0.941,,,,,,,,,,,,
11.600,-1.330,-0.941,,,,,,,,,,,,
11.610,-1.405,-0.941,,,,,,,,,,,,
11.620,-1.479,-0.941,,,,,,,,,,,,
11.630,-1.545,-0.940,,,,,,,,,,,,
11.640,-1.608,-0.941,,,,,,,,,,,,
11.650,-1.664,-0.941,,,,,,,,,,,,
11.660,-1.716,-0.941,,,,,,,,,,,,
11.670,-1.769,-0.941,,,,,,,,,,,,
11.680,-1.819,-0.941,,,,,,,,,,,,
11.690,-1.862,-0.941,,,,,,,,,,,,
11.700,-1.906,-0.941,,,,,,,,,,,,
11.710,-1.947,-0.941,,,,,,,,,,,,
11.720,-1.991,-0.941,,,,,,,,,,,,
11.730,-2.024,-0.940,,,,,,,,,,,,
11.740,-2.053,-0.941,,,,,,,,,,,,
11.750,-2.075,-0.941,,,,,,,,,,,,
11.760,-2.082,-0.941,,,,,,,,,,,,
11.770,-2.090,-0.940,,,,,,,,,,,,
11.780,-2.096,-0.940,,,,,,,,,,,,
11.790,-2.090,-0.941,,,,,,,,,,,,
11.800,-2.079,-0.941,,,,,,,,,,,,
11.810,-2.061,-0.941,,,,,,,,,,,,
11.820,-2.040,-0.941,,,,,,,,,,,,
11.830,-2.010,-0.941,,,,,,,,,,,,
11.840,-1.979,-0.941,,,,,,,,,,,,
11.850,-1.942,-0.941,,,,,,,,,,,,
11.860,-1.905,-0.941,,,,,,,,,,,,
11.870,-1.865,-0.941,,,,,,,,,,,,
11.880,-1.823,-0.940,,,,,,,,,,,,
11.890,-1.777,-0.941,,,,,,,,,,,,
11.900,-1.731,-0.941,,,,,,,,,,,,
11.910,-1.684,-0.941,,,,,,,,,,,,
11.920,-1.639,-0.941,,,,,,,,,,,,
11.930,-1.585,-0.941,,,,,,,,,,,,
11.940,-1.528,-0.941,,,,,,,,,,,,
11.950,-1.466,-0.941,,,,,,,,,,,,
11.960,-1.398,-0.942,,,,,,,,,,,,
11.970,-1.330,-0.941,,,,,,,,,,,,
11.980,-1.257,-0.941,,,,,,,,,,,,
11.990,-1.178,-0.941,,,,,,,,,,,,
12.000,-1.096,-0.941,,,,,,,,,,,,
12.010,-1.014,-0.941,,,,,,,,,,,,
12.020,-0.936,-0.941,,,,,,,,,,,,
12.030,-0.857,-0.941,,,,,,,,,,,,
12.040,-0.775,-0.941,,,,,,,,,,,,
12.050,-0.691,-0.941,,,,,,,,,,,,
12.060,-0.606,-0.941,,,,,,,,,,,,
12.070,-0.522,-0.940,,,,,,,,,,,,
12.080,-0.434,-0.940,,,,,,,,,,,,
12.090,-0.344,-0.940,,,,,,,,,,,,
12.100,-0.250,-0.941,,,,,,,,,,,,
12.110,-0.156,-0.941,,,,,,,,,,,,
12.120,-0.065,-0.941,,,,,,,,,,,,
12.130,0.024,-0.940,,,,,,,,,,,,
12.140,0.115,-0.940,,,,,,,,,,,,
12.150,0.207,-0.941,,,,,,,,,,,,
12.160,0.298,-0.941,,,,,,,,,,,,
12.170,0.385,-0.941,,,,,,,,,,,,
12.180,0.470,-0.940,,,,,,,,,,,,
12.190,0.551,-0.941,,,,,,,,,,,,
12.200,0.629,-0.941,,,,,,,,,,,,
12.210,0.708,-0.941,,,,,,,,,,,,
12.220,0.784,-0.941,,,,,,,,,,,,
12.230,0.857,-0.940,,,,,,,,,,,,
12.240,0.925,-0.941,,,,,,,,,,,,
12.250,0.989,-0.941,,,,,,,,,,,,
12.260,1.049,-0.941,,,,,,,,,,,,
12.270,1.106,-0.941,,,,,,,,,,,,
12.280,1.163,-0.940,,,,,,,,,,,,
12.290,1.224,-0.941,,,,,,,,,,,,
12.300,1.279,-0.941,,,,,,,,,,,,
12.310,1.331,-0.941,,,,,,,,,,,,
12.320,1.383,-0.940,,,,,,,,,,,,
12.330,1.430,-0.940,,,,,,,,,,,,
12.340,1.473,-0.940,,,,,,,,,,,,
12.350,1.512,-0.940,,,,,,,,,,,,
12.360,1.552,-0.940,,,,,,,,,,,,
12.370,1.587,-0.940,,,,,,,,,,,,
12.380,1.616,-0.940,,,,,,,,,,,,
12.390,1.642,-0.940,,,,,,,,,,,,
12.400,1.665,-0.940,,,,,,,,,,,,
12.410,1.677,-0.941,,,,,,,,,,,,
12.420,1.688,-0.940,,,,,,,,,,,,
12.430,1.696,-0.940,,,,,,,,,,,,
12.440,1.699,-0.940,,,,,,,,,,,,
12.450,1.691,-0.941,,,,,,,,,,,,
12.460,1.680,-0.941,,,,,,,,,,,,
12.470,1.666,-0.940,,,,,,,,,,,,
12.480,1.648,-0.940,,,,,,,,,,,,
12.490,1.624,-0.940,,,,,,,,,,,,
12.500,1.596,-0.941,,,,,,,,,,,,
12.510,1.565,-0.941,,,,,,,,,,,,
12.520,1.526,-0.940,,,,,,,,,,,,
12.530,1.493,-0.940,,,,,,,,,,,,
12.540,1.455,-0.940,,,,,,,,,,,,
12.550,1.414,-0.941,,,,,,,,,,,,
12.560,1.369,-0.941,,,,,,,,,,,,
12.570,1.319,-0.940,,,,,,,,,,,,
12.580,1.275,-0.940,,,,,,,,,,,,
12.590,1.226,-0.941,,,,,,,,,,,,
12.600,1.178,-0.941,,,,,,,,,,,,
12.610,1.129,-0.941,,,,,,,,,,,,
12.620,1.077,-0.941,,,,,,,,,,,,
12.630,1.027,-0.941,,,,,,,,,,,,
12.640,0.976,-0.941,,,,,,,,,,,,
12.650,0.922,-0.942,,,,,,,,,,,,
12.660,0.867,-0.942,,,,,,,,,,,,
12.670,0.805,-0.941,,,,,,,,,,,,
12.680,0.742,-0.940,,,,,,,,,,,,
12.690,0.676,-0.941,,,,,,,,,,,,
12.700,0.614,-0.941,,,,,,,,,,,,
12.710,0.545,-0.941,,,,,,,,,,,,
12.720,0.478,-0.941,,,,,,,,,,,,
12.730,0.408,-0.940,,,,,,,,,,,,
12.740,0.338,-0.940,,,,,,,,,,,,
12.750,0.270,-0.941,,,,,,,,,,,,
12.760,0.198,-0.941,,,,,,,,,,,,
12.770,0.131,-0.940,,,,,,,,,,,,
12.780,0.061,-0.940,,,,,,,,,,,,
12.790,-0.009,-0.941,,,,,,,,,,,,
12.800,-0.076,-0.941,,,,,,,,,,,,
12.810,-0.149,-0.941,,,,,,,,,,,,
12.820,-0.218,-0.941,,,,,,,,,,,,
12.830,-0.290,-0.940,,,,,,,,,,,,
12.840,-0.357,-0.941,,,,,,,,,,,,
12.850,-0.421,-0.941,,,,,,,,,,,,
12.860,-0.486,-0.941,,,,,,,,,,,,
12.870,-0.549,-0.940,,,,,,,,,,,,
12.880,-0.604,-0.940,,,,,,,,,,,,
12.890,-0.663,-0.940,,,,,,,,,,,,
12.900,-0.714,-0.941,,,,,,,,,,,,
12.910,-0.767,-0.941,,,,,,,,,,,,
12.920,-0.818,-0.940,,,,,,,,,,,,
12.930,-0.864,-0.940,,,,,,,,,,,,
12.940,-0.906,-0.940,,,,,,,,,,,,
12.950,-0.949,-0.941,,,,,,,,,,,,
12.960,-0.985,-0.941,,,,,,,,,,,,
12.970,-1.024,-0.941,,,,,,,,,,,,
12.980,-1.061,-0.940,,,,,,,,,,,,
12.990,-1.097,-0.941,,,,,,,,,,,,
13.000,-1.126,-0.941,,,,,,,,,,,,
13.010,-1.150,-0.941,,,,,,,,,,,,
13.020,-1.176,-0.941,,,,,,,,,,,,
13.030,-1.196,-0.940,,,,,,,,,,,,
13.040,-1.208,-0.941,,,,,,,,,,,,
13.050,-1.220,-0.941,,,,,,,,,,,,
13.060,-1.231,-0.941,,,,,,,,,,,,
13.070,-1.234,-0.941,,,,,,,,,,,,
13.080,-1.235,-0.941,,,,,,,,,,,,
13.090,-1.235,-0.941,,,,,,,,,,,,
13.100,-1.234,-0.941,,,,,,,,,,,,
13.110,-1.233,-0.941,,,,,,,,,,,,
13.120,-1.233,-0.941,,,,,,,,,,,,
13.130,-1.230,-0.940,,,,,,,,,,,,
13.140,-1.220,-0.941,,,,,,,,,,,,
13.150,-1.207,-0.941,,,,,,,,,,,,
13.160,-1.192,-0.941,,,,,,,,,,,,
13.170,-1.174,-0.941,,,,,,,,,,,,
13.180,-1.155,-0.940,,,,,,,,,,,,
13.190,-1.129,-0.941,,,,,,,,,,,,
13.200,-1.103,-0.941,,,,,,,,,,,,
13.210,-1.073,-0.941,,,,,,,,,,,,
13.220,-1.042,-0.941,,,,,,,,,,,,
13.230,-1.015,-0.940,,,,,,,,,,,,
13.240,-0.985,-0.941,,,,,,,,,,,,
13.250,-0.949,-0.941,,,,,,,,,,,,
13.260,-0.917,-0.941,,,,,,,,,,,,
13.270,-0.882,-0.941,,,,,,,,,,,,
13.280,-0.847,-0.940,,,,,,,,,,,,
13.290,-0.809,-0.941,,,,,,,,,,,,
13.300,-0.768,-0.941,,,,,,,,,,,,
13.310,-0.728,-0.941,,,,,,,,,,,,
13.320,-0.686,-0.941,,,,,,,,,,,,
13.330,-0.642,-0.941,,,,,,,,,,,,
13.340,-0.599,-0.941,,,,,,,,,,,,
13.350,-0.550,-0.941,,,,,,,,,,,,
13.360,-0.503,-0.941,,,,,,,,,,,,
13.370,-0.456,-0.941,,,,,,,,,,,,
13.380,-0.408,-0.941,,,,,,,,,,,,
13.390,-0.357,-0.941,,,,,,,,,,,,
13.400,-0.306,-0.941,,,,,,,,,,,,
13.410,-0.252,-0.941,,,,,,,,,,,,
13.420,-0.201,-0.941,,,,,,,,,,,,
13.430,-0.147,-0.940,,,,,,,,,,,,
13.440,-0.093,-0.941,,,,,,,,,,,,
13.450,-0.037,-0.941,,,,,,,,,,,,
13.460,0.016,-0.941,,,,,,,,,,,,
13.470,0.068,-0.941,,,,,,,,,,,,
13.480,0.115,-0.940,,,,,,,,,,,,
13.490,0.165,-0.941,,,,,,,,,,,,
13.500,0.210,-0.941,,,,,,,,,,,,
13.510,0.256,-0.941,,,,,,,,,,,,
13.520,0.295,-0.940,,,,,,,,,,,,
13.530,0.334,-0.940,,,,,,,,,,,,
13.540,0.377,-0.940,,,,,,,,,,,,
13.550,0.421,-0.940,,,,,,,,,,,,
13.560,0.461,-0.940,,,,,,,,,,,,
13.570,0.500,-0.940,,,,,,,,,,,,
13.580,0.541,-0.939,,,,,,,,,,,,
13.590,0.581,-0.940,,,,,,,,,,,,
13.600,0.615,-0.941,,,,,,,,,,,,
13.610,0.650,-0.941,,,,,,,,,,,,
13.620,0.681,-0.941,,,,,,,,,,,,
13.630,0.708,-0.941,,,,,,,,,,,,
13.640,0.734,-0.941,,,,,,,,,,,,
13.650,0.759,-0.942,,,,,,,,,,,,
13.660,0.779,-0.942,,,,,,,,,,,,
13.670,0.791,-0.941,,,,,,,,,,,,
13.680,0.802,-0.940,,,,,,,,,,,,
13.690,0.815,-0.941,,,,,,,,,,,,
13.700,0.825,-0.941,,,,,,,,,,,,
13.710,0.830,-0.941,,,,,,,,,,,,
13.720,0.831,-0.940,,,,,,,,,,,,
13.730,0.830,-0.940,,,,,,,,,,,,
13.740,0.831,-0.940,,,,,,,,,,,,
13.750,0.831,-0.941,,,,,,,,,,,,
13.760,0.832,-0.941,,,,,,,,,,,,
13.770,0.831,-0.941,,,,,,,,,,,,
13.780,0.826,-0.940,,,,,,,,,,,,
13.790,0.822,-0.941,,,,,,,,,,,,
13.800,0.818,-0.941,,,,,,,,,,,,
13.810,0.813,-0.941,,,,,,,,,,,,
13.820,0.806,-0.940,,,,,,,,,,,,
13.830,0.794,-0.940,,,,,,,,,,,,
13.840,0.782,-0.940,,,,,,,,,,,,
13.850,0.771,-0.940,,,,,,,,,,,,
13.860,0.757,-0.941,,,,,,,,,,,,
13.870,0.742,-0.940,,,,,,,,,,,,
13.880,0.726,-0.939,,,,,,,,,,,,
13.890,0.706,-0.940,,,,,,,,,,,,
13.900,0.681,-0.941,,,,,,,,,,,,
13.910,0.657,-0.941,,,,,,,,,,,,
13.920,0.635,-0.941,,,,,,,,,,,,
13.930,0.605,-0.940,,,,,,,,,,,,
13.940,0.576,-0.941,,,,,,,,,,,,
13.950,0.549,-0.941,,,,,,,,,,,,
13.960,0.519,-0.942,,,,,,,,,,,,
13.970,0.483,-0.941,,,,,,,,,,,,
13.980,0.454,-0.941,,,,,,,,,,,,
13.990,0.429,-0.941,,,,,,,,,,,,
14.000,0.401,-0.942,,,,,,,,,,,,
14.010,0.367,-0.942,,,,,,,,,,,,
14.020,0.340,-0.941,,,,,,,,,,,,
14.030,0.313,-0.941,,,,,,,,,,,,
14.040,0.285,-0.941,,,,,,,,,,,,
14.050,0.255,-0.941,,,,,,,,,,,,
14.060,0.231,-0.942,,,,,,,,,,,,
14.070,0.205,-0.941,,,,,,,,,,,,
14.080,0.169,-0.941,,,,,,,,,,,,
14.090,0.138,-0.941,,,,,,,,,,,,
14.100,0.113,-0.941,,,,,,,,,,,,
14.110,0.084,-0.941,,,,,,,,,,,,
14.120,0.046,-0.941,,,,,,,,,,,,
14.130,0.011,-0.941,,,,,,,,,,,,
14.140,-0.015,-0.941,,,,,,,,,,,,
14.150,-0.045,-0.941,,,,,,,,,,,,
14.160,-0.081,-0.941,,,,,,,,,,,,
14.170,-0.110,-0.941,,,,,,,,,,,,
14.180,-0.139,-0.940,,,,,,,,,,,,
14.190,-0.169,-0.940,,,,,,,,,,,,
14.200,-0.200,-0.941,,,,,,,,,,,,
14.210,-0.224,-0.940,,,,,,,,,,,,
14.220,-0.251,-0.940,,,,,,,,,,,,
14.230,-0.277,-0.939,,,,,,,,,,,,
14.240,-0.297,-0.940,,,,,,,,,,,,
14.250,-0.317,-0.940,,,,,,,,,,,,
14.260,-0.340,-0.941,,,,,,,,,,,,
14.270,-0.363,-0.940,,,,,,,,,,,,
14.280,-0.383,-0.940,,,,,,,,,,,,
14.290,-0.398,-0.941,,,,,,,,,,,,
14.300,-0.410,-0.941,,,,,,,,,,,,
14.310,-0.422,-0.941,,,,,,,,,,,,
14.320,-0.436,-0.941,,,,,,,,,,,,
14.330,-0.450,-0.940,,,,,,,,,,,,
14.340,-0.460,-0.941,,,,,,,,,,,,
14.350,-0.467,-0.941,,,,,,,,,,,,
14.360,-0.473,-0.942,,,,,,,,,,,,
14.370,-0.480,-0.941,,,,,,,,,,,,
14.380,-0.488,-0.941,,,,,,,,,,,,
14.390,-0.491,-0.941,,,,,,,,,,,,
14.400,-0.493,-0.941,,,,,,,,,,,,
14.410,-0.492,-0.942,,,,,,,,,,,,
14.420,-0.492,-0.941,,,,,,,,,,,,
14.430,-0.489,-0.941,,,,,,,,,,,,
14.440,-0.482,-0.941,,,,,,,,,,,,
14.450,-0.476,-0.941,,,,,,,,,,,,
14.460,-0.469,-0.942,,,,,,,,,,,,
14.470,-0.464,-0.941,,,,,,,,,,,,
14.480,-0.460,-0.941,,,,,,,,,,,,
14.490,-0.457,-0.941,,,,,,,,,,,,
14.500,-0.454,-0.941,,,,,,,,,,,,
14.510,-0.452,-0.942,,,,,,,,,,,,
14.520,-0.448,-0.941,,,,,,,,,,,,
14.530,-0.440,-0.941,,,,,,,,,,,,
14.540,-0.428,-0.941,,,,,,,,,,,,
14.550,-0.415,-0.941,,,,,,,,,,,,
14.560,-0.401,-0.942,,,,,,,,,,,,
14.570,-0.390,-0.941,,,,,,,,,,,,
14.580,-0.379,-0.941,,,,,,,,,,,,
14.590,-0.366,-0.941,,,,,,,,,,,,
14.600,-0.353,-0.941,,,,,,,,,,,,
14.610,-0.339,-0.941,,,,,,,,,,,,
14.620,-0.330,-0.940,,,,,,,,,,,,
14.630,-0.319,-0.940,,,,,,,,,,,,
14.640,-0.306,-0.941,,,,,,,,,,,,
14.650,-0.293,-0.941,,,,,,,,,,,,
14.660,-0.280,-0.941,,,,,,,,,,,,
14.670,-0.268,-0.941,,,,,,,,,,,,
14.680,-0.256,-0.941,,,,,,,,,,,,
14.690,-0.238,-0.941,,,,,,,,,,,,
14.700,-0.223,-0.941,,,,,,,,,,,,
14.710,-0.203,-0.942,,,,,,,,,,,,
14.720,-0.190,-0.941,,,,,,,,,,,,
14.730,-0.178,-0.941,,,,,,,,,,,,
14.740,-0.164,-0.941,,,,,,,,,,,,
14.750,-0.150,-0.941,,,,,,,,,,,,
14.760,-0.135,-0.941,,,,,,,,,,,,
14.770,-0.119,-0.941,,,,,,,,,,,,
14.780,-0.104,-0.941,,,,,,,,,,,,
14.790,-0.086,-0.941,,,,,,,,,,,,
14.800,-0.073,-0.942,,,,,,,,,,,,
14.810,-0.059,-0.942,,,,,,,,,,,,
14.820,-0.045,-0.941,,,,,,,,,,,,
14.830,-0.031,-0.941,,,,,,,,,,,,
14.840,-0.014,-0.941,,,,,,,,,,,,
14.850,0.004,-0.941,,,,,,,,,,,,
14.860,0.017,-0.941,,,,,,,,,,,,
14.870,0.026,-0.941,,,,,,,,,,,,
14.880,0.035,-0.940,,,,,,,,,,,,
14.890,0.047,-0.940,,,,,,,,,,,,
14.900,0.059,-0.941,,,,,,,,,,,,
14.910,0.071,-0.941,,,,,,,,,,,,
14.920,0.080,-0.940,,,,,,,,,,,,
14.930,0.087,-0.940,,,,,,,,,,,,
14.940,0.094,-0.941,,,,,,,,,,,,
14.950,0.102,-0.941,,,,,,,,,,,,
14.960,0.110,-0.941,,,,,,,,,,,,
14.970,0.112,-0.941,,,,,,,,,,,,
14.980,0.112,-0.940,,,,,,,,,,,,
14.990,0.113,-0.941,,,,,,,,,,,,
15.000,0.114,-0.941,,,,,,,,,,,,
15.010,0.116,-0.941,,,,,,,,,,,,
15.020,0.114,-0.941,,,,,,,,,,,,
15.030,0.113,-0.941,,,,,,,,,,,,
15.040,0.113,-0.941,,,,,,,,,,,,
15.050,0.114,-0.941,,,,,,,,,,,,
15.060,0.115,-0.941,,,,,,,,,,,,
15.070,0.113,-0.941,,,,,,,,,,,,
15.080,0.112,-0.940,,,,,,,,,,,,
15.090,0.113,-0.941,,,,,,,,,,,,
15.100,0.113,-0.941,,,,,,,,,,,,
15.110,0.114,-0.941,,,,,,,,,,,,
15.120,0.112,-0.941,,,,,,,,,,,,
15.130,0.111,-0.940,,,,,,,,,,,,
15.140,0.111,-0.941,,,,,,,,,,,,
15.150,0.112,-0.941,,,,,,,,,,,,
15.160,0.112,-0.942,,,,,,,,,,,,
15.170,0.111,-0.941,,,,,,,,,,,,
15.180,0.110,-0.941,,,,,,,,,,,,
15.190,0.111,-0.941,,,,,,,,,,,,
15.200,0.112,-0.941,,,,,,,,,,,,
15.210,0.113,-0.941,,,,,,,,,,,,
15.220,0.112,-0.941,,,,,,,,,,,,
15.230,0.111,-0.940,,,,,,,,,,,,
15.240,0.111,-0.941,,,,,,,,,,,,
15.250,0.111,-0.941,,,,,,,,,,,,
15.260,0.112,-0.941,,,,,,,,,,,,
15.270,0.111,-0.941,,,,,,,,,,,,
15.280,0.110,-0.940,,,,,,,,,,,,
15.290,0.111,-0.941,,,,,,,,,,,,
15.300,0.111,-0.941,,,,,,,,,,,,
15.310,0.112,-0.941,,,,,,,,,,,,
15.320,0.111,-0.941,,,,,,,,,,,,
15.330,0.112,-0.941,,,,,,,,,,,,
15.340,0.113,-0.941,,,,,,,,,,,,
15.350,0.114,-0.942,,,,,,,,,,,,
15.360,0.115,-0.942,,,,,,,,,,,,
15.370,0.114,-0.941,,,,,,,,,,,,
15.380,0.114,-0.941,,,,,,,,,,,,
15.390,0.114,-0.941,,,,,,,,,,,,
15.400,0.115,-0.942,,,,,,,,,,,,
15.410,0.115,-0.942,,,,,,,,,,,,
15.420,0.113,-0.941,,,,,,,,,,,,
15.430,0.111,-0.940,,,,,,,,,,,,
15.440,0.112,-0.941,,,,,,,,,,,,
15.450,0.112,-0.941,,,,,,,,,,,,
15.460,0.113,-0.942,,,,,,,,,,,,
15.470,0.112,-0.941,,,,,,,,,,,,
15.480,0.111,-0.940,,,,,,,,,,,,
15.490,0.112,-0.941,,,,,,,,,,,,
15.500,0.112,-0.941,,,,,,,,,,,,
15.510,0.112,-0.941,,,,,,,,,,,,
15.520,0.111,-0.941,,,,,,,,,,,,
15.530,0.110,-0.940,,,,,,,,,,,,
15.540,0.110,-0.940,,,,,,,,,,,,
15.550,0.111,-0.941,,,,,,,,,,,,
15.560,0.112,-0.941,,,,,,,,,,,,
15.570,0.111,-0.941,,,,,,,,,,,,
15.580,0.110,-0.940,,,,,,,,,,,,
15.590,0.111,-0.940,,,,,,,,,,,,
15.600,0.113,-0.941,,,,,,,,,,,,
15.610,0.114,-0.941,,,,,,,,,,,,
15.620,0.113,-0.941,,,,,,,,,,,,
15.630,0.112,-0.940,,,,,,,,,,,,
15.640,0.113,-0.941,,,,,,,,,,,,
15.650,0.113,-0.941,,,,,,,,,,,,
15.660,0.114,-0.941,,,,,,,,,,,,
15.670,0.112,-0.941,,,,,,,,,,,,
15.680,0.111,-0.940,,,,,,,,,,,,
15.690,0.110,-0.940,,,,,,,,,,,,
15.700,0.111,-0.940,,,,,,,,,,,,
15.710,0.112,-0.940,,,,,,,,,,,,
15.720,0.110,-0.940,,,,,,,,,,,,
15.730,0.109,-0.939,,,,,,,,,,,,
15.740,0.110,-0.940,,,,,,,,,,,,
15.750,0.110,-0.940,,,,,,,,,,,,
15.760,0.111,-0.940,,,,,,,,,,,,
15.770,0.110,-0.940,,,,,,,,,,,,
15.780,0.109,-0.939,,,,,,,,,,,,
15.790,0.110,-0.940,,,,,,,,,,,,
15.800,0.111,-0.940,,,,,,,,,,,,
15.810,0.111,-0.941,,,,,,,,,,,,
15.820,0.110,-0.940,,,,,,,,,,,,
15.830,0.109,-0.940,,,,,,,,,,,,
15.840,0.110,-0.940,,,,,,,,,,,,
15.850,0.111,-0.941,,,,,,,,,,,,
15.860,0.112,-0.941,,,,,,,,,,,,
15.870,0.111,-0.940,,,,,,,,,,,,
15.880,0.110,-0.939,,,,,,,,,,,,
15.890,0.110,-0.940,,,,,,,,,,,,
15.900,0.111,-0.940,,,,,,,,,,,,
15.910,0.112,-0.940,,,,,,,,,,,,
15.920,0.110,-0.940,,,,,,,,,,,,
15.930,0.109,-0.939,,,,,,,,,,,,
15.940,0.110,-0.939,,,,,,,,,,,,
15.950,0.110,-0.940,,,,,,,,,,,,
15.960,0.112,-0.940,,,,,,,,,,,,
15.970,0.111,-0.940,,,,,,,,,,,,
15.980,0.110,-0.940,,,,,,,,,,,,
15.990,0.111,-0.940,,,,,,,,,,,,
16.000,0.111,-0.940,,,,,,,,,,,,
16.010,0.113,-0.940,,,,,,,,,,,,
16.020,0.112,-0.940,,,,,,,,,,,,
16.030,0.111,-0.940,,,,,,,,,,,,
16.040,0.112,-0.940,,,,,,,,,,,,
16.050,0.112,-0.940,,,,,,,,,,,,
16.060,0.113,-0.940,,,,,,,,,,,,
16.070,0.112,-0.940,,,,,,,,,,,,
16.080,0.111,-0.939,,,,,,,,,,,,
16.090,0.112,-0.940,,,,,,,,,,,,
16.100,0.113,-0.940,,,,,,,,,,,,
16.110,0.113,-0.940,,,,,,,,,,,,
16.120,0.112,-0.940,,,,,,,,,,,,
16.130,0.111,-0.940,,,,,,,,,,,,
16.140,0.111,-0.940,,,,,,,,,,,,
16.150,0.112,-0.941,,,,,,,,,,,,
16.160,0.113,-0.941,,,,,,,,,,,,
16.170,0.112,-0.941,,,,,,,,,,,,
16.180,0.111,-0.940,,,,,,,,,,,,
16.190,0.112,-0.941,,,,,,,,,,,,
16.200,0.113,-0.941,,,,,,,,,,,,
16.210,0.113,-0.941,,,,,,,,,,,,
16.220,0.112,-0.941,,,,,,,,,,,,
16.230,0.112,-0.941,,,,,,,,,,,,
16.240,0.112,-0.941,,,,,,,,,,,,
16.250,0.113,-0.941,,,,,,,,,,,,
16.260,0.114,-0.941,,,,,,,,,,,,
16.270,0.113,-0.941,,,,,,,,,,,,
16.280,0.111,-0.941,,,,,,,,,,,,
16.290,0.112,-0.941,,,,,,,,,,,,
16.300,0.112,-0.941,,,,,,,,,,,,
16.310,0.113,-0.942,,,,,,,,,,,,
16.320,0.113,-0.941,,,,,,,,,,,,
16.330,0.113,-0.941,,,,,,,,,,,,
16.340,0.113,-0.942,,,,,,,,,,,,
16.350,0.114,-0.942,,,,,,,,,,,,
16.360,0.115,-0.942,,,,,,,,,,,,
16.370,0.114,-0.942,,,,,,,,,,,,
16.380,0.113,-0.941,,,,,,,,,,,,
16.390,0.113,-0.941,,,,,,,,,,,,
16.400,0.113,-0.941,,,,,,,,,,,,
16.410,0.113,-0.941,,,,,,,,,,,,
16.420,0.111,-0.940,,,,,,,,,,,,
16.430,0.110,-0.939,,,,,,,,,,,,
16.440,0.111,-0.939,,,,,,,,,,,,
16.450,0.111,-0.939,,,,,,,,,,,,
16.460,0.112,-0.939,,,,,,,,,,,,
16.470,0.111,-0.939,,,,,,,,,,,,
16.480,0.110,-0.939,,,,,,,,,,,,
16.490,0.111,-0.939,,,,,,,,,,,,
16.500,0.111,-0.940,,,,,,,,,,,,
16.510,0.112,-0.940,,,,,,,,,,,,
16.520,0.111,-0.940,,,,,,,,,,,,
16.530,0.110,-0.940,,,,,,,,,,,,
16.540,0.111,-0.940,,,,,,,,,,,,
16.550,0.112,-0.941,,,,,,,,,,,,
16.560,0.112,-0.941,,,,,,,,,,,,
16.570,0.111,-0.941,,,,,,,,,,,,
16.580,0.110,-0.940,,,,,,,,,,,,
16.590,0.111,-0.940,,,,,,,,,,,,
16.600,0.112,-0.941,,,,,,,,,,,,
16.610,0.112,-0.941,,,,,,,,,,,,
16.620,0.112,-0.941,,,,,,,,,,,,
16.630,0.110,-0.940,,,,,,,,,,,,
16.640,0.110,-0.940,,,,,,,,,,,,
16.650,0.111,-0.941,,,,,,,,,,,,
16.660,0.113,-0.941,,,,,,,,,,,,
16.670,0.112,-0.941,,,,,,,,,,,,
16.680,0.111,-0.941,,,,,,,,,,,,
16.690,0.112,-0.941,,,,,,,,,,,,
16.700,0.113,-0.941,,,,,,,,,,,,
